ID	Description	GeneRatio	BgRatio	RichFactor	FoldEnrichment	oddsRatio	zScore	pvalue	p.adjust	qvalue	geneID	Count
GO:0031589	cell-substrate adhesion	25/435	390/25615	0.0641025641025641	3.7746831712349	4.14550618108921	7.25747559977973	1.6924134712779e-08	6.53271599913268e-05	9.46266809210894e-06	Thsd1/Gcnt2/Col3a1/Fmn1/Vcam1/Plpp3/Itgad/Marcks/Jup/Nid2/Abi3bp/Bcam/Col1a1/Axl/Cdh11/Itga9/Vegfc/Cd36/Egfl6/Efemp2/Mertk/Lrp1/Itgb5/Rhpn1/Gas6	25
GO:0006956	complement activation	10/435	67/25615	0.149253731343284	8.78881454794991	10.3706914344685	8.3904601519897	1.88170175907963e-07	0.000188121908573336	2.72495418738528e-05	Serping1/Cd5l/Ighg1/C1qb/Ighg2b/C1ra/Ighm/C1qc/C1qa/Fcna	10
GO:0035458	cellular response to interferon-beta	10/435	67/25615	0.149253731343284	8.78881454794991	10.3706914344685	8.3904601519897	1.88170175907963e-07	0.000188121908573336	2.72495418738528e-05	Tgtp2/Iigp1c/Ifi205/Oas1b/Tgtp1/F830016B08Rik/Gbp2/Iigp1/Gm12250/Gm12185	10
GO:0050900	leukocyte migration	24/435	412/25615	0.058252427184466	3.43019752259792	3.73120626081722	6.53611267447058	1.9494498297755e-07	0.000188121908573336	2.72495418738528e-05	Ccl22/Cyp7b1/Cxcl14/Lgmn/Vcam1/Cd200/Pde4b/Il1r1/Cxcl16/Slc12a2/Gdf15/Spns2/Itga9/Vegfc/Aif1/Cd74/Cadm1/Rtn4/Trpv4/Nkx2-3/Arhgef5/Gas6/Mcoln2/Ccl8	24
GO:0034341	response to type II interferon	14/435	150/25615	0.0933333333333333	5.49593869731801	6.1236551627777	7.25854608267793	2.96251196025049e-07	0.000194944755346033	2.82378342542643e-05	Ubd/Epsti1/Pparg/Cd200/Stxbp4/Cxcl16/Ciita/Gbp8/Tgtp1/Gbp2/Aif1/Mrc1/Cd74/Kynu	14
GO:0050673	epithelial cell proliferation	26/435	485/25615	0.0536082474226804	3.1567247304183	3.42376059361533	6.3026735244237	3.03022935771036e-07	0.000194944755346033	2.82378342542643e-05	Tcf7l2/Cyp7b1/Bglap2/Fap/Il18/Pparg/Egfl7/Igf1/Fgfr2/Stxbp4/Prdm1/Bglap/Apoe/Irf6/Sparc/Cdkn1c/Eya1/Ptprm/Glul/Eaf2/Vegfc/Maged1/Fgfr1/Rtn4/Igfbp5/Hmox1	26
GO:0006909	phagocytosis	18/435	254/25615	0.0708661417322835	4.17295682867228	4.56237044262895	6.67964378108359	4.06147343029984e-07	0.000222783350714191	3.22702671375302e-05	Pparg/Treml4/Abca1/Ighg1/Ighg2b/Axl/C1ra/Rab34/Marco/Cd36/Nr1h3/Aif1/Elmo3/Mertk/Lrp1/Tgm2/Appl2/Gas6	18
GO:0042832	defense response to protozoan	8/435	42/25615	0.19047619047619	11.216201423098	13.8564540570326	8.70920916607036	4.61727151739256e-07	0.000222783350714191	3.22702671375302e-05	Tgtp2/Batf2/Gbp8/Tgtp1/Bpgm/Gbp2/Iigp1/Gm12250	8
GO:0022612	gland morphogenesis	13/435	135/25615	0.0962962962962963	5.67041294167731	6.32728614715251	7.15118349101962	5.48152411877613e-07	0.000235096478871954	3.40538292110687e-05	Cyp7b1/Plxna1/Igf1/Fgfr2/Pdgfa/Tnc/Slc12a2/Etv5/Fgfr1/Nkx2-3/Igfbp5/Tgm2/Edar	13
GO:0035456	response to interferon-beta	10/435	77/25615	0.12987012987013	7.64741006120317	8.81931518876207	7.67820776503891	7.156409653875e-07	0.000276237412639575	4.00131117100189e-05	Tgtp2/Iigp1c/Ifi205/Oas1b/Tgtp1/F830016B08Rik/Gbp2/Iigp1/Gm12250/Gm12185	10
GO:0043277	apoptotic cell clearance	8/435	45/25615	0.177777777777778	10.4684546615581	12.7314386986518	8.35555813095374	8.06494169940595e-07	0.000283006135997336	4.09935642897775e-05	Axl/Marco/Cd36/Nr1h3/Mertk/Lrp1/Tgm2/Gas6	8
GO:0001562	response to protozoan	8/435	46/25615	0.173913043478261	10.2408795602199	12.3959078022926	8.24500308362411	9.61898352948923e-07	0.000293848455384993	4.25640790607802e-05	Tgtp2/Batf2/Gbp8/Tgtp1/Bpgm/Gbp2/Iigp1/Gm12250	8
GO:0006911	phagocytosis, engulfment	9/435	62/25615	0.145161290322581	8.54783092324805	10.0160775976614	7.82082428683694	9.8964505699609e-07	0.000293848455384993	4.25640790607802e-05	Pparg/Treml4/Abca1/Ighg1/Ighg2b/Marco/Cd36/Aif1/Appl2	9
GO:0097028	dendritic cell differentiation	8/435	49/25615	0.163265306122449	9.61388693408398	11.4875192780031	7.93270461091157	1.59009763272411e-06	0.000431993588269923	6.25744628154687e-05	Ubd/Batf2/Flt3/Axl/Tmem176b/Batf3/Tmem176a/Gas6	8
GO:0007160	cell-matrix adhesion	17/435	252/25615	0.0674603174603175	3.97240467068053	4.31706199735315	6.23251543596378	1.67873156063442e-06	0.000431993588269923	6.25744628154687e-05	Thsd1/Col3a1/Fmn1/Vcam1/Plpp3/Itgad/Jup/Nid2/Bcam/Cdh11/Itga9/Vegfc/Cd36/Efemp2/Lrp1/Itgb5/Rhpn1	17
GO:0032722	positive regulation of chemokine production	10/435	87/25615	0.114942528735632	6.76839741049016	7.67089381207028	7.08372792265908	2.24435055469263e-06	0.000541449571319597	7.84292104951792e-05	Il18/Tlr3/Lpl/Oas1b/Aif1/Cd74/Trpv4/Lrp1/Havcr2/Mcoln2	10
GO:0051897	positive regulation of phosphatidylinositol 3-kinase/protein kinase B signal transduction	16/435	233/25615	0.0686695278969957	4.04360909673918	4.39281589916743	6.13422048917401	2.69062730008856e-06	0.000610930669314225	8.84935783490053e-05	Tcf7l2/Gcnt2/Stox1/Il18/Pdgfc/Igf1/Il1r1/Vav2/Pdgfa/Gdf15/Axl/Fgfr1/Rtn4/Mertk/Igfbp5/Gas6	16
GO:0010594	regulation of endothelial cell migration	14/435	181/25615	0.0773480662983425	4.55464532926907	4.98075582801144	6.30788398134412	2.84973882989575e-06	0.000611110660188756	8.85196501069925e-05	Pparg/Lgmn/Plpp3/Igf1/Srpx2/Jup/Apoe/Sparc/Ptprm/Glul/Stard13/Vegfc/Fgfr1/Hmox1	14
GO:0099024	plasma membrane invagination	9/435	72/25615	0.125	7.36063218390805	8.42287055667337	7.10372346945318	3.57468596881845e-06	0.000726225675770485	0.000105194111158299	Pparg/Treml4/Abca1/Ighg1/Ighg2b/Marco/Cd36/Aif1/Appl2	9
GO:0030336	negative regulation of cell migration	19/435	329/25615	0.0577507598784195	3.40065681444992	3.6641594292804	5.76027782346331	4.161593571831e-06	0.000799193464000612	0.000115763527638805	Dpysl3/Abhd6/Lima1/Col3a1/Pparg/Egfl7/Cd200/Sema6d/Jup/Robo4/Apoe/Gdf15/Cdh11/Ptprm/Stard13/Aif1/Cd74/Lrp1/Igfbp5	19
GO:0060326	cell chemotaxis	19/435	330/25615	0.0575757575757576	3.39035179380007	3.6522307073955	5.74437496697679	4.3479437160655e-06	0.000799193464000612	0.000115763527638805	Xcr1/Ccl22/Cyp7b1/Cxcl14/Lgmn/Vcam1/Pde4b/Cxcl16/Slc12a2/Itga9/Vegfc/Fgfr1/Ackr3/Aif1/Cd74/Trpv4/Arhgef5/Gas6/Ccl8	19
GO:0043542	endothelial cell migration	16/435	243/25615	0.065843621399177	3.87720543020671	4.19761757067909	5.92314173357356	4.61855012897614e-06	0.00081034561353854	0.00011737892144446	Fap/Pparg/Lgmn/Plpp3/Igf1/Srpx2/Jup/Apoe/Sparc/Ptprm/Glul/Stard13/Vegfc/Clec14a/Fgfr1/Hmox1	16
GO:1903532	positive regulation of secretion by cell	21/435	399/25615	0.0526315789473684	3.09921355111918	3.32823403113258	5.55469783778613	5.57605466020309e-06	0.000935807434277562	0.00013555212181078	Tcf7l2/Bglap2/Pparg/Cadps2/Mc5r/Kcnb1/Igf1/Cd2ap/Abcg1/Bglap/Slc12a2/Glul/Ighm/Vegfc/Rab34/Cacna1h/Fgfr1/Rtn4/Lrp1/Sdc1/Scamp5	21
GO:0070374	positive regulation of ERK1 and ERK2 cascade	15/435	221/25615	0.0678733031674208	3.99672335777812	4.32975034674064	5.88074977111461	6.33942022484161e-06	0.000981952854867033	0.000142236306444964	Gcnt2/Mc5r/Pdgfc/Igf1/Fgfr2/Pdgfa/Apoe/Marco/Cd36/Ackr3/Cd74/Trpv4/Lrp1/Havcr2/Gas6	15
GO:0010875	positive regulation of cholesterol efflux	6/435	28/25615	0.214285714285714	12.6182266009852	15.9936427209154	8.08471364234012	6.35979828281757e-06	0.000981952854867033	0.000142236306444964	Pparg/Abca1/Abcg1/Apoe/Nr1h3/Lrp1	6
GO:0048660	regulation of smooth muscle cell proliferation	14/435	195/25615	0.0717948717948718	4.22764515178308	4.59293185128804	5.9466281581622	6.77598269400615e-06	0.0009954526269357	0.000144191754415179	Tcf7l2/Il18/Pparg/Igf1/Fgfr2/Vipr2/Apoe/Hpgd/Aif1/Calcrl/Efemp2/Igfbp5/Tgm2/Hmox1	14
GO:0098739	import across plasma membrane	18/435	311/25615	0.0578778135048231	3.40813837454263	3.66641294472954	5.61594067804569	7.21366775136357e-06	0.0009954526269357	0.000144191754415179	Slc16a2/Ocln/Igf1/Cd2ap/Slc15a2/Prnp/Kcnj9/Slc12a2/Slc7a7/Kcnh2/Slc39a12/Cd36/Slc1a3/Trpv4/Ank2/Adrb1/Cacna1s/Appl2	18
GO:1904646	cellular response to amyloid-beta	7/435	43/25615	0.162790697674419	9.58593958834536	11.4231568016615	7.40619557921419	7.37806045097892e-06	0.0009954526269357	0.000144191754415179	Lgmn/Vcam1/Igf1/Prnp/Apoe/Cd36/Lrp1	7
GO:0006935	chemotaxis	23/435	476/25615	0.0483193277310924	2.84528639041824	3.04722025761375	5.3413215595034	8.19475216392191e-06	0.0009954526269357	0.000144191754415179	Xcr1/Ccl22/Cyp7b1/Cxcl14/Lgmn/Vcam1/Sema6d/Pde4b/Pdgfa/Cxcl16/Slc12a2/Itga9/Vegfc/Sema3d/Fgfr1/Ackr3/Aif1/Cd74/Trpv4/Lrp1/Arhgef5/Gas6/Ccl8	23
GO:0042593	glucose homeostasis	19/435	345/25615	0.0550724637681159	3.24294519406963	3.48208176026428	5.51291195525901	8.20961954431253e-06	0.0009954526269357	0.000144191754415179	Tcf7l2/Cp/Bglap2/Pparg/Vcam1/Kcnb1/Igf1/Oas1b/Stxbp4/Abcg1/Bglap/Zbtb20/Col1a1/Rab34/Trpv4/Lrp1/Igfbp5/Appl2/Gas6	19
GO:2000146	negative regulation of cell motility	19/435	345/25615	0.0550724637681159	3.24294519406963	3.48208176026428	5.51291195525901	8.20961954431253e-06	0.0009954526269357	0.000144191754415179	Dpysl3/Abhd6/Lima1/Col3a1/Pparg/Egfl7/Cd200/Sema6d/Jup/Robo4/Apoe/Gdf15/Cdh11/Ptprm/Stard13/Aif1/Cd74/Lrp1/Igfbp5	19
GO:0010324	membrane invagination	9/435	80/25615	0.1125	6.62456896551724	7.47143423923825	6.62249710048506	8.64148739544044e-06	0.0009954526269357	0.000144191754415179	Pparg/Treml4/Abca1/Ighg1/Ighg2b/Marco/Cd36/Aif1/Appl2	9
GO:0006958	complement activation, classical pathway	7/435	44/25615	0.159090909090909	9.36807732497388	11.1139808032331	7.30186223720085	8.64657872143976e-06	0.0009954526269357	0.000144191754415179	Ighg1/C1qb/Ighg2b/C1ra/Ighm/C1qc/C1qa	7
GO:0042330	taxis	23/435	478/25615	0.0481171548117155	2.83338142644159	3.03358049717273	5.31821047652899	8.76823557404503e-06	0.0009954526269357	0.000144191754415179	Xcr1/Ccl22/Cyp7b1/Cxcl14/Lgmn/Vcam1/Sema6d/Pde4b/Pdgfa/Cxcl16/Slc12a2/Itga9/Vegfc/Sema3d/Fgfr1/Ackr3/Aif1/Cd74/Trpv4/Lrp1/Arhgef5/Gas6/Ccl8	23
GO:0033500	carbohydrate homeostasis	19/435	350/25615	0.0542857142857143	3.19661740558292	3.42879241227051	5.43856420067737	1.0060347092455e-05	0.00110951256505361	0.000160713387028008	Tcf7l2/Cp/Bglap2/Pparg/Vcam1/Kcnb1/Igf1/Oas1b/Stxbp4/Abcg1/Bglap/Zbtb20/Col1a1/Rab34/Trpv4/Lrp1/Igfbp5/Appl2/Gas6	19
GO:0048659	smooth muscle cell proliferation	14/435	203/25615	0.0689655172413793	4.0610384462941	4.39711445412158	5.75509965340817	1.07282661269993e-05	0.00115030853472826	0.000166622701325128	Tcf7l2/Il18/Pparg/Igf1/Fgfr2/Vipr2/Apoe/Hpgd/Aif1/Calcrl/Efemp2/Igfbp5/Tgm2/Hmox1	14
GO:0030595	leukocyte chemotaxis	15/435	233/25615	0.0643776824034335	3.79088352819299	4.0894495412844	5.62486652437769	1.19531695652441e-05	0.00124700633842817	0.000180629421068794	Ccl22/Cyp7b1/Cxcl14/Lgmn/Pde4b/Cxcl16/Slc12a2/Itga9/Vegfc/Aif1/Cd74/Trpv4/Arhgef5/Gas6/Ccl8	15
GO:1904951	positive regulation of establishment of protein localization	19/435	360/25615	0.0527777777777778	3.10782247765006	3.32690192871644	5.29379431992857	1.49256194682194e-05	0.00151612871440333	0.000219611916563024	Tcf7l2/Pdzk1/Bglap2/Pparg/Kcnb1/Chp2/Igf1/Cd2ap/Abcg1/Jup/Prnp/Apoe/Glul/Vegfc/Rab34/Mllt6/Lrp1/Arhgef5/Gas6	19
GO:1901342	regulation of vasculature development	18/435	330/25615	0.0545454545454545	3.21191222570533	3.44050913115661	5.31555784025083	1.61026382158451e-05	0.00158059518164894	0.000228949912929267	Angptl7/Dll1/Adm/Pparg/Tlr3/Jup/Slc12a2/Sparc/Col4a2/Ptprm/Glul/Slc39a12/Stard13/Vegfc/Cd36/Rtn4/Tgm2/Hmox1	18
GO:0006898	receptor-mediated endocytosis	17/435	300/25615	0.0566666666666667	3.33681992337165	3.57794140024008	5.35121470521429	1.69564506785692e-05	0.00158059518164894	0.000228949912929267	Siglec1/Dll1/Adm/Fchsd2/Cd2ap/Clec9a/Ppt1/Cxcl16/Stab2/Apoe/Marco/Cd36/Ackr3/Mrc1/Calcrl/Lrp1/Sdc1	17
GO:0019886	antigen processing and presentation of exogenous peptide antigen via MHC class II	5/435	20/25615	0.25	14.7212643678161	19.5077519379845	8.06839276074956	1.73388643069685e-05	0.00158059518164894	0.000228949912929267	Lgmn/H2-Eb1/Cd74/H2-Aa/H2-Ab1	5
GO:0040013	negative regulation of locomotion	19/435	364/25615	0.0521978021978022	3.07367058229127	3.28779960981048	5.23729016110965	1.74007238850233e-05	0.00158059518164894	0.000228949912929267	Dpysl3/Abhd6/Lima1/Col3a1/Pparg/Egfl7/Cd200/Sema6d/Jup/Robo4/Apoe/Gdf15/Cdh11/Ptprm/Stard13/Aif1/Cd74/Lrp1/Igfbp5	19
GO:0001776	leukocyte homeostasis	11/435	133/25615	0.0827067669172932	4.87019272318728	5.32860346427467	5.88162220551787	1.76118105347307e-05	0.00158059518164894	0.000228949912929267	Il18/Pde4b/Slc40a1/Flt3/Spns2/Axl/Mecom/Cd74/Tnfrsf17/Mertk/Nkx2-3	11
GO:1904645	response to amyloid-beta	7/435	49/25615	0.142857142857143	8.41215106732348	9.78894080996885	6.82600147859763	1.80171471483299e-05	0.00158059518164894	0.000228949912929267	Lgmn/Vcam1/Igf1/Prnp/Apoe/Cd36/Lrp1	7
GO:0050678	regulation of epithelial cell proliferation	20/435	399/25615	0.050125313283208	2.95163195344684	3.15363829990145	5.16418436141755	1.88405953353117e-05	0.0016161043998734	0.000234093438934576	Tcf7l2/Cyp7b1/Il18/Pparg/Egfl7/Igf1/Fgfr2/Stxbp4/Apoe/Sparc/Cdkn1c/Eya1/Ptprm/Glul/Eaf2/Vegfc/Maged1/Fgfr1/Rtn4/Hmox1	20
GO:0032602	chemokine production	10/435	115/25615	0.0869565217391304	5.12043978010994	5.61904761904762	5.82073556069464	2.74311354603045e-05	0.00224686069112306	0.000325458767412004	Il18/Tlr3/Lpl/Oas1b/Aif1/Cd74/Trpv4/Lrp1/Havcr2/Mcoln2	10
GO:0032642	regulation of chemokine production	10/435	115/25615	0.0869565217391304	5.12043978010994	5.61904761904762	5.82073556069464	2.74311354603045e-05	0.00224686069112306	0.000325458767412004	Il18/Tlr3/Lpl/Oas1b/Aif1/Cd74/Trpv4/Lrp1/Havcr2/Mcoln2	10
GO:0050708	regulation of protein secretion	18/435	344/25615	0.0523255813953488	3.08119486768244	3.29090347354019	5.10782749829719	2.7940236573551e-05	0.00224686069112306	0.000325458767412004	Tcf7l2/Bglap2/Pparg/Kcnb1/Cd200/Igf1/Cd2ap/Stxbp4/Abcg1/Slc12a2/Apoe/Glul/Vegfc/Rsad2/Rab34/Nr1h3/Nos1/Lrp1	18
GO:0030198	extracellular matrix organization	18/435	345/25615	0.0521739130434783	3.07226386806597	3.2807075440565	5.09339607713905	2.90263255843348e-05	0.00228656360725576	0.000331209752418891	Angptl7/Fap/Col3a1/Pparg/Col9a3/Col7a1/Mmp15/Abi3bp/Col11a1/Col1a1/Col4a2/Marco/Fscn1/Egfl6/Efemp2/Lrp1/Tgm2/Gas6	18
GO:0045229	external encapsulating structure organization	18/435	346/25615	0.0520231213872832	3.06338449272474	3.27057378487454	5.07901683291383	3.01498544860774e-05	0.00230823281351123	0.000334348546553554	Angptl7/Fap/Col3a1/Pparg/Col9a3/Col7a1/Mmp15/Abi3bp/Col11a1/Col1a1/Col4a2/Marco/Fscn1/Egfl6/Efemp2/Lrp1/Tgm2/Gas6	18
GO:1903115	regulation of actin filament-based movement	7/435	53/25615	0.132075471698113	7.77727174148775	8.93630637952052	6.49158707956498	3.04973765515733e-05	0.00230823281351123	0.000334348546553554	Fxyd1/Pde4b/Jup/Cacna1h/Nos1/Ank2/Adrb1	7
GO:0043062	extracellular structure organization	18/435	347/25615	0.0518731988472622	3.05455629533936	3.26050162909186	5.06468940326217	3.13119390677805e-05	0.00232430932310832	0.000336677236097337	Angptl7/Fap/Col3a1/Pparg/Col9a3/Col7a1/Mmp15/Abi3bp/Col11a1/Col1a1/Col4a2/Marco/Fscn1/Egfl6/Efemp2/Lrp1/Tgm2/Gas6	18
GO:0051047	positive regulation of secretion	21/435	449/25615	0.0467706013363029	2.75408954765379	2.93349586888799	4.9285969418437	3.25419191889474e-05	0.0023700341145158	0.000343300492407994	Tcf7l2/Bglap2/Pparg/Cadps2/Mc5r/Kcnb1/Igf1/Cd2ap/Abcg1/Bglap/Slc12a2/Glul/Ighm/Vegfc/Rab34/Cacna1h/Fgfr1/Rtn4/Lrp1/Sdc1/Scamp5	21
GO:0032373	positive regulation of sterol transport	6/435	37/25615	0.162162162162162	9.54892823858341	11.3462666365892	6.83966309936501	3.44881066137128e-05	0.00242043802779875	0.000350601521597131	Pparg/Abca1/Abcg1/Apoe/Nr1h3/Lrp1	6
GO:0032376	positive regulation of cholesterol transport	6/435	37/25615	0.162162162162162	9.54892823858341	11.3462666365892	6.83966309936501	3.44881066137128e-05	0.00242043802779875	0.000350601521597131	Pparg/Abca1/Abcg1/Apoe/Nr1h3/Lrp1	6
GO:0150104	transport across blood-brain barrier	5/435	23/25615	0.217391304347826	12.8010994502749	16.2545219638243	7.44200132353727	3.60830511254895e-05	0.0024871531668641	0.000360265239073569	Slc16a2/Apoe/Cd36/Abcg3/Lrp1	5
GO:0071674	mononuclear cell migration	14/435	229/25615	0.0611353711790393	3.59995984540481	3.86134894768823	5.19448757916484	4.10602233787741e-05	0.00278056951301874	0.000402766726920726	Cyp7b1/Cxcl14/Lgmn/Cd200/Cxcl16/Slc12a2/Spns2/Aif1/Cadm1/Rtn4/Trpv4/Arhgef5/Gas6/Mcoln2	14
GO:0045765	regulation of angiogenesis	17/435	323/25615	0.0526315789473684	3.09921355111918	3.30595427963849	4.9902438029681	4.31718092379323e-05	0.00287315833893825	0.0004161782594109	Dll1/Adm/Pparg/Tlr3/Jup/Slc12a2/Sparc/Col4a2/Ptprm/Glul/Slc39a12/Stard13/Vegfc/Cd36/Rtn4/Tgm2/Hmox1	17
GO:0010232	vascular transport	5/435	24/25615	0.208333333333333	12.2677203065134	15.3984088127295	7.25861093753459	4.4945249669184e-05	0.00294048582581441	0.000425930675739261	Slc16a2/Apoe/Cd36/Abcg3/Lrp1	5
GO:0071559	response to transforming growth factor beta	16/435	294/25615	0.054421768707483	3.20462897802799	3.4205456637077	4.99717108461263	4.8526903655082e-05	0.00310231578567251	0.000449371817183338	Gcnt2/Col3a1/Pparg/Cd2ap/Wnt10a/Col1a1/Gdf15/Cdkn1c/Col4a2/Yes1/Zfhx3/Hpgd/Htra3/Lrp1/Itgb5/Appl2	16
GO:0086003	cardiac muscle cell contraction	8/435	77/25615	0.103896103896104	6.11792804896253	6.81831449614771	5.91155269866742	4.90262339186589e-05	0.00310231578567251	0.000449371817183338	Fxyd1/Pde4b/Jup/Kcnh2/Cacna1h/Snta1/Ank2/Adrb1	8
GO:0045807	positive regulation of endocytosis	13/435	204/25615	0.0637254901960784	3.75247915258057	4.03038386144264	5.18780582060949	5.02597493981157e-05	0.00312907472059236	0.000453247860771923	Dll1/Pparg/Ighg1/Ighg2b/Ppt1/Apoe/Axl/Ighm/Cd36/Mertk/Lrp1/Appl2/Gas6	13
GO:0043535	regulation of blood vessel endothelial cell migration	9/435	100/25615	0.09	5.29965517241379	5.82471753598514	5.66227957560054	5.25942737774787e-05	0.00314483261980012	0.000455530399459533	Pparg/Igf1/Srpx2/Jup/Apoe/Stard13/Vegfc/Fgfr1/Hmox1	9
GO:1990845	adaptive thermogenesis	12/435	177/25615	0.0677966101694915	3.99220728618741	4.30088115194498	5.25039884857339	5.36087573806568e-05	0.00314483261980012	0.000455530399459533	Abhd6/Il18/Pparg/Ckb/Pdgfc/Fabp4/Prlr/Cd36/Nr1h3/Trpv4/Adrb1/Appl2	12
GO:0007435	salivary gland morphogenesis	6/435	40/25615	0.15	8.83275862068965	10.3438914027149	6.51616969751397	5.45460509066338e-05	0.00314483261980012	0.000455530399459533	Plxna1/Fgfr2/Pdgfa/Fgfr1/Tgm2/Edar	6
GO:0002455	humoral immune response mediated by circulating immunoglobulin	7/435	58/25615	0.120689655172414	7.10681728101467	8.05859446582371	6.11969044187058	5.53068268877281e-05	0.00314483261980012	0.000455530399459533	Ighg1/C1qb/Ighg2b/C1ra/Ighm/C1qc/C1qa	7
GO:0030850	prostate gland development	7/435	58/25615	0.120689655172414	7.10681728101467	8.05859446582371	6.11969044187058	5.53068268877281e-05	0.00314483261980012	0.000455530399459533	Cyp7b1/Hoxa10/Igf1/Fgfr2/Tnc/Eaf2/Prlr	7
GO:0002495	antigen processing and presentation of peptide antigen via MHC class II	5/435	25/25615	0.2	11.7770114942529	14.6279069767442	7.08579650235739	5.54011964109865e-05	0.00314483261980012	0.000455530399459533	Lgmn/H2-Eb1/Cd74/H2-Aa/H2-Ab1	5
GO:0001818	negative regulation of cytokine production	17/435	331/25615	0.0513595166163142	3.02430808764802	3.22068997043855	4.872178427024	5.84604524571057e-05	0.00327039632586128	0.000473718357959943	Siglec1/Dll1/Pparg/Cd200/Igf1/Cd2ap/Cd83/Oas1b/Prnp/Flt3/Axl/Fgfr1/Mertk/Havcr2/Hmox1/Appl2/Gas6	17
GO:0002221	pattern recognition receptor signaling pathway	17/435	332/25615	0.0512048192771084	3.01519872593824	3.21033644717855	4.8576708884183	6.06733504162843e-05	0.00334570189438368	0.000484626402952403	Treml4/Tlr3/Oas1b/Atat1/Ppt1/Slc15a2/Rsad2/Tnip3/Cd36/Tlr11/Nr1h3/Gbp2/Fcna/Rtn4/Havcr2/Gm12250/Appl2	17
GO:0010874	regulation of cholesterol efflux	6/435	41/25615	0.146341463414634	8.61732548359966	10.047952047952	6.4157964846585	6.29881867148663e-05	0.00342442817914625	0.000496029940209066	Pparg/Abca1/Abcg1/Apoe/Nr1h3/Lrp1	6
GO:0034162	toll-like receptor 9 signaling pathway	5/435	26/25615	0.192307692307692	11.3240495137047	13.9307862679956	6.92254143266227	6.76395903159604e-05	0.00355121631356992	0.000514395257700722	Treml4/Ppt1/Rsad2/Rtn4/Havcr2	5
GO:0043534	blood vessel endothelial cell migration	10/435	128/25615	0.078125	4.60039511494253	4.99740777666999	5.36724298825763	6.86745940034188e-05	0.00355121631356992	0.000514395257700722	Pparg/Igf1/Srpx2/Jup/Apoe/Stard13/Vegfc/Clec14a/Fgfr1/Hmox1	10
GO:0003018	vascular process in circulatory system	15/435	271/25615	0.0553505535055351	3.25932052423973	3.47712053571429	4.91451178957607	6.86871247223167e-05	0.00355121631356992	0.000514395257700722	Slc16a2/Ocln/Plekha7/Adm/Il18/Apoe/Ptprm/Itga9/Cd36/Snta1/Nos1/Abcg3/Trpv4/Adrb1/Lrp1	15
GO:0140894	endolysosomal toll-like receptor signaling pathway	7/435	60/25615	0.116666666666667	6.86992337164751	7.75387938635161	5.9830906452973	6.90003169735089e-05	0.00355121631356992	0.000514395257700722	Treml4/Tlr3/Oas1b/Ppt1/Rsad2/Rtn4/Havcr2	7
GO:0048872	homeostasis of number of cells	20/435	439/25615	0.0455580865603645	2.6826905453879	2.84797423584553	4.67410665374648	7.16680158369181e-05	0.00359653057901416	0.000520959049143569	Pianp/Epsti1/Il18/Cadps2/Pde4b/Slc40a1/Flt3/Spns2/Axl/Emcn/Glul/Mecom/Nbea/Bpgm/Cd74/Tnfrsf17/Mertk/Nkx2-3/Hmox1/Arhgef5	20
GO:0048548	regulation of pinocytosis	4/435	14/25615	0.285714285714286	16.824302134647	23.3596287703016	7.78422871052153	7.17442628456193e-05	0.00359653057901416	0.000520959049143569	Ppt1/Axl/Nr1h3/Appl2	4
GO:0035272	exocrine system development	7/435	61/25615	0.114754098360656	6.75730167703034	7.60998615437868	5.91711387170407	7.6818105785658e-05	0.00380151138888	0.000550650610345214	Plxna1/Igf1/Fgfr2/Pdgfa/Fgfr1/Tgm2/Edar	7
GO:0097529	myeloid leukocyte migration	14/435	243/25615	0.0576131687242798	3.39255475143087	3.62325094130216	4.92541851522982	7.79046094534945e-05	0.00380647838595555	0.000551370082074073	Ccl22/Lgmn/Cd200/Pde4b/Il1r1/Itga9/Vegfc/Aif1/Cd74/Rtn4/Trpv4/Arhgef5/Mcoln2/Ccl8	14
GO:0032496	response to lipopolysaccharide	20/435	443/25615	0.0451467268623025	2.65846760592616	2.82058731379418	4.62812907749875	8.10908023792016e-05	0.00385964628815638	0.000559071476283571	Adm/Epsti1/Il18/Cd200/Abca1/Pde4b/Cxcl16/Prdm1/Slc12a2/Axl/Tnip3/Cd36/Nr1h3/Igkj1/Hpgd/Gbp2/Mrc1/Nos1/Havcr2/Nuggc	20
GO:0002504	antigen processing and presentation of peptide or polysaccharide antigen via MHC class II	5/435	27/25615	0.185185185185185	10.9046402724564	13.2970401691332	6.76796160435972	8.18600997653974e-05	0.00385964628815638	0.000559071476283571	Lgmn/H2-Eb1/Cd74/H2-Aa/H2-Ab1	5
GO:0043491	phosphatidylinositol 3-kinase/protein kinase B signal transduction	18/435	374/25615	0.0481283422459893	2.83404019915176	3.00994260771158	4.69620278044018	8.21716048077109e-05	0.00385964628815638	0.000559071476283571	Tcf7l2/Gcnt2/Stox1/Il18/Pdgfc/Igf1/Cd2ap/Il1r1/Vav2/Pdgfa/Col6a2/Gdf15/Axl/Fgfr1/Rtn4/Mertk/Igfbp5/Gas6	18
GO:0086004	regulation of cardiac muscle cell contraction	6/435	43/25615	0.13953488372093	8.21651964715317	9.5040635040635	6.22493966538124	8.29923942790103e-05	0.00385964628815638	0.000559071476283571	Fxyd1/Pde4b/Jup/Cacna1h/Ank2/Adrb1	6
GO:0002758	innate immune response-activating signaling pathway	17/435	342/25615	0.0497076023391813	2.92703502050145	3.11030548398969	4.71552150522762	8.72113795085431e-05	0.00400757053455924	0.000580498368967586	Treml4/Tlr3/Oas1b/Atat1/Ppt1/Slc15a2/Rsad2/Tnip3/Cd36/Tlr11/Nr1h3/Gbp2/Fcna/Rtn4/Havcr2/Gm12250/Appl2	17
GO:0002367	cytokine production involved in immune response	9/435	107/25615	0.0841121495327103	4.95294875926523	5.40715722908882	5.38555341462551	8.93202800838914e-05	0.00400902652469559	0.000580709269784451	Il18/Tlr3/Il1r1/Calhm6/Rsad2/Cd36/Cd74/Rtn4/Hmox1	9
GO:0002718	regulation of cytokine production involved in immune response	9/435	107/25615	0.0841121495327103	4.95294875926523	5.40715722908882	5.38555341462551	8.93202800838914e-05	0.00400902652469559	0.000580709269784451	Il18/Tlr3/Il1r1/Calhm6/Rsad2/Cd36/Cd74/Rtn4/Hmox1	9
GO:0002218	activation of innate immune response	18/435	377/25615	0.0477453580901857	2.81148815512668	2.98442916975612	4.65729957105297	9.08937806663716e-05	0.00403275854450798	0.000584146863377526	Treml4/Tlr3/Ifi205/Oas1b/Atat1/Ppt1/Slc15a2/Rsad2/Tnip3/Cd36/Tlr11/Nr1h3/Gbp2/Fcna/Rtn4/Havcr2/Gm12250/Appl2	18
GO:0071222	cellular response to lipopolysaccharide	16/435	311/25615	0.0514469453376206	3.02945633292678	3.22122891468792	4.73282868413474	9.4000149943503e-05	0.00412318839524911	0.000597245667355777	Epsti1/Il18/Cd200/Abca1/Pde4b/Cxcl16/Prdm1/Slc12a2/Axl/Tnip3/Cd36/Nr1h3/Gbp2/Mrc1/Havcr2/Nuggc	16
GO:2000343	positive regulation of chemokine (C-X-C motif) ligand 2 production	4/435	15/25615	0.266666666666667	15.7026819923372	21.2351824509597	7.48648017623188	9.6523128598138e-05	0.0041232020206927	0.000597247641007323	Lpl/Cd74/Lrp1/Mcoln2	4
GO:0002833	positive regulation of response to biotic stimulus	21/435	485/25615	0.043298969072165	2.54966228226093	2.70196151924038	4.52863330236384	9.7509902694055e-05	0.0041232020206927	0.000597247641007323	Treml4/Tlr3/Ifi205/Oas1b/Atat1/Ppt1/Slc15a2/Rsad2/Rab34/Tnip3/Cd36/Tlr11/Nr1h3/Gbp2/Cd74/Cadm1/Fcna/Rtn4/Havcr2/Gm12250/Appl2	21
GO:0010743	regulation of macrophage derived foam cell differentiation	5/435	28/25615	0.178571428571429	10.5151888341544	12.7184024266936	6.62128392042265	9.82732087833493e-05	0.0041232020206927	0.000597247641007323	Il18/Pparg/Lpl/Abcg1/Cd36	5
GO:0060445	branching involved in salivary gland morphogenesis	5/435	28/25615	0.178571428571429	10.5151888341544	12.7184024266936	6.62128392042265	9.82732087833493e-05	0.0041232020206927	0.000597247641007323	Plxna1/Fgfr2/Pdgfa/Fgfr1/Tgm2	5
GO:0048844	artery morphogenesis	8/435	85/25615	0.0941176470588235	5.542123056119	6.1079716536391	5.51313236602426	9.96489118966873e-05	0.00413596559055068	0.000599096449760873	Col3a1/Prdm1/Apoe/Eya1/Hpgd/Efemp2/Rtn4/Lrp1	8
GO:0014910	regulation of smooth muscle cell migration	9/435	109/25615	0.0825688073394495	4.86206896551724	5.29859154929577	5.31089315399273	0.000103095758840955	0.00423350669283071	0.000613225321677805	Plxna1/Il18/Pparg/Sema6d/Igf1/Pdgfa/Aif1/Lrp1/Igfbp5	9
GO:0033002	muscle cell proliferation	15/435	282/25615	0.0531914893617021	3.13218390804598	3.33239700374532	4.73218126828945	0.00010706459767084	0.00435020365273097	0.000630128928065116	Tcf7l2/Il18/Pparg/Igf1/Fgfr2/Vipr2/Apoe/Fgfr1/Hpgd/Aif1/Calcrl/Efemp2/Igfbp5/Tgm2/Hmox1	15
GO:0045089	positive regulation of innate immune response	20/435	454/25615	0.0440528634361234	2.59405539520988	2.747876297818	4.5042538174008	0.000112912525934304	0.0044021900062269	0.000637659174420788	Treml4/Tlr3/Ifi205/Oas1b/Atat1/Ppt1/Slc15a2/Rsad2/Tnip3/Cd36/Tlr11/Nr1h3/Gbp2/Cd74/Cadm1/Fcna/Rtn4/Havcr2/Gm12250/Appl2	20
GO:0006959	humoral immune response	16/435	316/25615	0.0506329113924051	2.98152189727921	3.16690533015115	4.65850115973033	0.000113067317516184	0.0044021900062269	0.000637659174420788	Ccl22/Serping1/Cd5l/Cxcl14/Adm/Ighg1/C1qb/Jchain/Ighg2b/Spns2/C1ra/Ighm/C1qc/C1qa/Fcna/Ccl8	16
GO:0032970	regulation of actin filament-based process	19/435	419/25615	0.045346062052506	2.67020547005733	2.82944711538462	4.53071330309593	0.00011481251778148	0.0044021900062269	0.000637659174420788	Lima1/Pdlim4/Fmn1/Arhgef26/Fxyd1/Fchsd2/C9orf72/Pde4b/Cd2ap/Jup/Arhgap28/Cacna1h/Fscn1/Nos1/Ank2/Adrb1/Lrp1/Rhpn1/Arhgef5	19
GO:0050435	amyloid-beta metabolic process	7/435	65/25615	0.107692307692308	6.34146772767462	7.08403158233967	5.66731435867452	0.000115652940280307	0.0044021900062269	0.000637659174420788	Igf1/Abcg1/Prnp/Apoe/Cd36/Rtn4/Lrp1	7
GO:0072567	chemokine (C-X-C motif) ligand 2 production	5/435	29/25615	0.172413793103448	10.1525961157352	12.187984496124	6.48182897217999	0.000117100035459346	0.0044021900062269	0.000637659174420788	Lpl/Oas1b/Cd74/Lrp1/Mcoln2	5
GO:2000341	regulation of chemokine (C-X-C motif) ligand 2 production	5/435	29/25615	0.172413793103448	10.1525961157352	12.187984496124	6.48182897217999	0.000117100035459346	0.0044021900062269	0.000637659174420788	Lpl/Oas1b/Cd74/Lrp1/Mcoln2	5
GO:0050878	regulation of body fluid levels	18/435	385/25615	0.0467532467532468	2.75306762203314	2.91843255640719	4.55539327554744	0.00011826825457155	0.0044021900062269	0.000637659174420788	Angptl7/Serping1/Adm/Pdgfa/Apoe/Axl/Entpd1/Prlr/Socs2/Cd36/Nr1h3/Mllt6/Procr/Trpv4/Mertk/Adrb1/Nkx2-3/Gas6	18
GO:0061458	reproductive system development	18/435	385/25615	0.0467532467532468	2.75306762203314	2.91843255640719	4.55539327554744	0.00011826825457155	0.0044021900062269	0.000637659174420788	Serpinb6a/Tcf7l2/Cyp7b1/Col9a3/Hoxa10/Igf1/Cd2ap/Fgfr2/Tnc/Plekha5/Cdkn1c/Axl/Eaf2/Insl3/Prlr/Lhcgr/Kitl/Mertk	18
GO:0072676	lymphocyte migration	9/435	111/25615	0.0810810810810811	4.77446411929171	5.19428334714167	5.2380315380078	0.000118608228147046	0.0044021900062269	0.000637659174420788	Cyp7b1/Cxcl14/Cd200/Cxcl16/Slc12a2/Spns2/Aif1/Cadm1/Gas6	9
GO:0007431	salivary gland development	6/435	46/25615	0.130434782608696	7.68065967016492	8.79020979020979	5.96069445794641	0.000122156329807951	0.00449069936246374	0.000650479793918507	Plxna1/Fgfr2/Pdgfa/Fgfr1/Tgm2/Edar	6
GO:0001763	morphogenesis of a branching structure	14/435	254/25615	0.0551181102362205	3.24563308896733	3.4556611243072	4.72746082195921	0.000124469077629235	0.00449655442357993	0.000651327902117438	Plxna1/Adm/Igf1/Fgfr2/Pdgfa/Tnc/Prdm1/Slc12a2/Eya1/Etv5/Maged1/Fgfr1/Rtn4/Tgm2	14
GO:0071219	cellular response to molecule of bacterial origin	16/435	319/25615	0.0501567398119122	2.9534825063957	3.13517175106532	4.61460369889828	0.000126062594910597	0.00449655442357993	0.000651327902117438	Epsti1/Il18/Cd200/Abca1/Pde4b/Cxcl16/Prdm1/Slc12a2/Axl/Tnip3/Cd36/Nr1h3/Gbp2/Mrc1/Havcr2/Nuggc	16
GO:0040015	negative regulation of multicellular organism growth	4/435	16/25615	0.25	14.7212643678161	19.4648105181748	7.21602603274659	0.000126975241494874	0.00449655442357993	0.000651327902117438	Lgmn/Gdf15/Socs2/Adrb1	4
GO:0043691	reverse cholesterol transport	4/435	16/25615	0.25	14.7212643678161	19.4648105181748	7.21602603274659	0.000126975241494874	0.00449655442357993	0.000651327902117438	Abca1/Abcg1/Apoe/Lrp1	4
GO:0051222	positive regulation of protein transport	16/435	320/25615	0.05	2.94425287356322	3.12473307373446	4.60008508859297	0.000130675088554145	0.00454559025286004	0.000658430763732126	Tcf7l2/Bglap2/Pparg/Chp2/Igf1/Cd2ap/Abcg1/Jup/Apoe/Glul/Vegfc/Rab34/Mllt6/Lrp1/Arhgef5/Gas6	16
GO:0002237	response to molecule of bacterial origin	20/435	459/25615	0.0435729847494553	2.5657977111662	2.71603040865055	4.44914614687654	0.000130715160121105	0.00454559025286004	0.000658430763732126	Adm/Epsti1/Il18/Cd200/Abca1/Pde4b/Cxcl16/Prdm1/Slc12a2/Axl/Tnip3/Cd36/Nr1h3/Igkj1/Hpgd/Gbp2/Mrc1/Nos1/Havcr2/Nuggc	20
GO:0050866	negative regulation of cell activation	13/435	225/25615	0.0577777777777778	3.40224776500639	3.62809621747295	4.75700025611965	0.000135401521533048	0.00457169573905901	0.000662212154983741	Cd200/Pdgfa/Prdm1/Prnp/Flt3/Apoe/Axl/Nr1h3/Cd74/H2-Aa/Mertk/Havcr2/Lax1	13
GO:0070252	actin-mediated cell contraction	9/435	113/25615	0.079646017699115	4.68996032956973	5.09398699891658	5.16689060165238	0.000136026925378647	0.00457169573905901	0.000662212154983741	Fxyd1/Pde4b/Jup/Kcnh2/Cacna1h/Snta1/Nos1/Ank2/Adrb1	9
GO:0019882	antigen processing and presentation	10/435	139/25615	0.0719424460431655	4.23633506987513	4.56926584587323	5.02864210717752	0.00013674342041638	0.00457169573905901	0.000662212154983741	Lgmn/Treml4/Wdfy4/Flt3/Ighm/Rab34/H2-Eb1/Cd74/H2-Aa/H2-Ab1	10
GO:0002021	response to dietary excess	6/435	47/25615	0.127659574468085	7.51724137931034	8.57547330718062	5.87786794273019	0.000138045243669346	0.00457169573905901	0.000662212154983741	Pparg/Apoe/Gdf15/Trpv4/Adrb1/Appl2	6
GO:0032814	regulation of natural killer cell activation	6/435	47/25615	0.127659574468085	7.51724137931034	8.57547330718062	5.87786794273019	0.000138045243669346	0.00457169573905901	0.000662212154983741	Il18/Prdm1/Axl/Slamf7/Havcr2/Gas6	6
GO:0001780	neutrophil homeostasis	5/435	30/25615	0.166666666666667	9.81417624521073	11.7	6.34899690190577	0.000138572124733136	0.00457169573905901	0.000662212154983741	Il18/Pde4b/Axl/Mecom/Mertk	5
GO:0070371	ERK1 and ERK2 cascade	17/435	356/25615	0.047752808988764	2.81192690171768	2.98017670886791	4.52494248845021	0.000141315554855686	0.00458970113450617	0.000664820244498213	Gcnt2/Mc5r/Pdgfc/Igf1/Cd2ap/Fgfr2/Pdgfa/Apoe/Marco/Dusp4/Cd36/Ackr3/Cd74/Trpv4/Lrp1/Havcr2/Gas6	17
GO:0050679	positive regulation of epithelial cell proliferation	13/435	226/25615	0.0575221238938053	3.38719357135591	3.6109182742585	4.73777602832214	0.000141495967618195	0.00458970113450617	0.000664820244498213	Tcf7l2/Cyp7b1/Il18/Egfl7/Igf1/Fgfr2/Stxbp4/Eya1/Glul/Vegfc/Fgfr1/Rtn4/Hmox1	13
GO:0042632	cholesterol homeostasis	9/435	114/25615	0.0789473684210526	4.64882032667877	5.04527162977867	5.13194232349283	0.000145507078464266	0.00468047769060057	0.000677969268900622	Lima1/Cyp7b1/Il18/Abca1/Lpl/Abcg1/Fabp4/Apoe/Nr1h3	9
GO:0001659	temperature homeostasis	13/435	227/25615	0.0572687224669604	3.37227201377285	3.59390087256943	4.71865947533533	0.000147825180026795	0.00471574541242504	0.000683077814045308	Abhd6/Il18/Pparg/Mc5r/Ckb/Pdgfc/Fabp4/Prlr/Cd36/Nr1h3/Trpv4/Adrb1/Appl2	13
GO:0033273	response to vitamin	8/435	90/25615	0.0888888888888889	5.23422733077905	5.73439195750271	5.2889324297702	0.000149112760161315	0.00471782995264488	0.000683379760620478	Folr2/Bglap2/Abca1/Mn1/Bglap/Col1a1/Kynu/Gas6	8
GO:0060560	developmental growth involved in morphogenesis	15/435	291/25615	0.0515463917525773	3.03531224078682	3.22256728778468	4.58951564662149	0.000151218617999219	0.00474555988192672	0.000687396453172956	Plxna1/Fmn1/C9orf72/Sema6d/Cd2ap/Ndn/Fgfr2/Jup/Tnc/Slc12a2/Apoe/Slc39a12/Cadm1/Rtn4/Lrp1	15
GO:0055092	sterol homeostasis	9/435	115/25615	0.0782608695652174	4.60839580209895	4.99747541854903	5.09739709429224	0.000155532394379697	0.0048178114083732	0.000697862118816496	Lima1/Cyp7b1/Il18/Abca1/Lpl/Abcg1/Fabp4/Apoe/Nr1h3	9
GO:0070372	regulation of ERK1 and ERK2 cascade	16/435	325/25615	0.0492307692307692	2.8989566755084	3.07355315089866	4.52832710261892	0.000156017208820376	0.0048178114083732	0.000697862118816496	Gcnt2/Mc5r/Pdgfc/Igf1/Fgfr2/Pdgfa/Apoe/Marco/Dusp4/Cd36/Ackr3/Cd74/Trpv4/Lrp1/Havcr2/Gas6	16
GO:0051896	regulation of phosphatidylinositol 3-kinase/protein kinase B signal transduction	16/435	326/25615	0.049079754601227	2.8900641703688	3.06351528216183	4.5141396396653	0.00016157008351607	0.00494030958381245	0.000715606033847004	Tcf7l2/Gcnt2/Stox1/Il18/Pdgfc/Igf1/Il1r1/Vav2/Pdgfa/Gdf15/Axl/Fgfr1/Rtn4/Mertk/Igfbp5/Gas6	16
GO:0010742	macrophage derived foam cell differentiation	5/435	31/25615	0.161290322580645	9.49758991472006	11.2495527728086	6.2222557905273	0.000162931217606763	0.00494030958381245	0.000715606033847004	Il18/Pparg/Lpl/Abcg1/Cd36	5
GO:0002024	diet induced thermogenesis	4/435	17/25615	0.235294117647059	13.8553076402975	17.966803498126	6.96882222378019	0.000163823737494299	0.00494030958381245	0.000715606033847004	Pparg/Trpv4/Adrb1/Appl2	4
GO:0060348	bone development	14/435	261/25615	0.053639846743295	3.15858545822874	3.35678498273823	4.6070372726925	0.000165295752277268	0.00494605894411049	0.000716438831235557	Nab2/Bglap2/Col3a1/Pdgfc/Igf1/Fgfr2/Pdgfa/Bglap/Col1a1/Sparc/Spns2/Cadm1/Trpv4/Tgm2	14
GO:0007264	small GTPase-mediated signal transduction	20/435	468/25615	0.0427350427350427	2.51645544748993	2.6604991394148	4.35176023442346	0.000169082180742494	0.00502044013589252	0.000727212979847287	Psd2/Col3a1/Arhgap5/Rasgrp3/Abca1/Igf1/Cd2ap/Vav2/Rgl1/Arhgap28/Apoe/Arhgap29/Stard13/Aif1/Dock6/Rtn4/Adrb1/Tgm2/Hmox1/Arhgef5	20
GO:0032635	interleukin-6 production	11/435	171/25615	0.064327485380117	3.7879276735901	4.05689858490566	4.80775505007416	0.000173408333869857	0.00504590708956765	0.000730901879379684	Tlr3/Cd200/Lpl/Zbtb20/Flt3/Cd36/Aif1/Cd74/Trpv4/Havcr2/Gas6	11
GO:0032675	regulation of interleukin-6 production	11/435	171/25615	0.064327485380117	3.7879276735901	4.05689858490566	4.80775505007416	0.000173408333869857	0.00504590708956765	0.000730901879379684	Tlr3/Cd200/Lpl/Zbtb20/Flt3/Cd36/Aif1/Cd74/Trpv4/Havcr2/Gas6	11
GO:0050766	positive regulation of phagocytosis	8/435	92/25615	0.0869565217391304	5.12043978010994	5.59741273558604	5.20387783918921	0.000173861565521372	0.00504590708956765	0.000730901879379684	Pparg/Ighg1/Ighg2b/Cd36/Mertk/Lrp1/Appl2/Gas6	8
GO:0071346	cellular response to type II interferon	9/435	117/25615	0.0769230769230769	4.52961980548187	4.90453834115806	5.02948211769989	0.000177316821505105	0.00510778306723661	0.000739864642182075	Epsti1/Pparg/Cd200/Stxbp4/Ciita/Gbp8/Gbp2/Aif1/Mrc1	9
GO:0019216	regulation of lipid metabolic process	18/435	399/25615	0.0451127819548872	2.65646875810215	2.8096074321645	4.38315740868039	0.00018390258377316	0.00525825165455109	0.00076166008377535	Abhd6/Tcf7l2/Bglap2/Pparg/Dkk3/Igf1/Pdgfa/Abcg1/Bglap/Zbtb20/Apoe/Gdf15/Lhcgr/Cd36/Nr1h3/Hpgd/Cd74/Appl2	18
GO:0062207	regulation of pattern recognition receptor signaling pathway	12/435	202/25615	0.0594059405940594	3.4981222260157	3.73124300111982	4.68507845686097	0.000187957630456317	0.0053346798055984	0.000772730735344318	Treml4/Tlr3/Atat1/Ppt1/Slc15a2/Rsad2/Cd36/Nr1h3/Gbp2/Rtn4/Gm12250/Appl2	12
GO:0002478	antigen processing and presentation of exogenous peptide antigen	5/435	32/25615	0.15625	9.20079022988506	10.8324720068906	6.1011320539332	0.000190428998752444	0.0053653717896674	0.000777176482846151	Lgmn/H2-Eb1/Cd74/H2-Aa/H2-Ab1	5
GO:0003014	renal system process	10/435	145/25615	0.0689655172413793	4.0610384462941	4.36514161220044	4.85840573917639	0.000193422208127935	0.00541021538676686	0.000783672097770553	Adm/Lgmn/Cd2ap/Jchain/Slc15a2/Mllt6/Abcg3/Adrb1/Rhpn1/Gas6	10
GO:0055088	lipid homeostasis	12/435	203/25615	0.0591133004926108	3.48089009682351	3.71155916973005	4.66435491970328	0.000196764614826628	0.0054641108865524	0.000791478884812827	Lima1/Cyp7b1/Il18/Abca1/Lpl/Abcg1/Zbtb20/Fabp4/Apoe/Nr1h3/Rtn4/Adrb1	12
GO:0030098	lymphocyte differentiation	20/435	474/25615	0.0421940928270042	2.48460158106601	2.62470144896768	4.28808399500478	0.000199873296488606	0.00550546541130649	0.000797469106060879	Igkj5/Dll1/Il18/Ighg1/Cd83/Prdm1/Flt3/Wwp1/Axl/Ighm/Btnl6/Bcl2a1d/Rsad2/Cd74/Igkc/H2-Aa/Mertk/Nkx2-3/Gas6/Jag2	20
GO:0048661	positive regulation of smooth muscle cell proliferation	9/435	119/25615	0.0756302521008403	4.4534917415242	4.81498079385403	4.96308079754816	0.000201584355683296	0.00550546541130649	0.000797469106060879	Il18/Igf1/Fgfr2/Hpgd/Aif1/Calcrl/Igfbp5/Tgm2/Hmox1	9
GO:0030100	regulation of endocytosis	17/435	367/25615	0.0463215258855586	2.72764571392778	2.88523581681476	4.38156941721416	0.000202532665390032	0.00550546541130649	0.000797469106060879	Dll1/Pparg/Ighg1/Cd2ap/Ighg2b/Ppt1/Apoe/Axl/Ighm/Cd36/Nr1h3/Mertk/Lrp1/Tgm2/Scamp5/Appl2/Gas6	17
GO:0039531	regulation of cytoplasmic pattern recognition receptor signaling pathway	10/435	146/25615	0.0684931506849315	4.03322311447016	4.33287197231834	4.83092512328151	0.000204559483119845	0.00552167555833988	0.000799817153046568	Treml4/Tlr3/Atat1/Ppt1/Slc15a2/Rsad2/Cd36/Gbp2/Rtn4/Gm12250	10
GO:0010885	regulation of cholesterol storage	4/435	18/25615	0.222222222222222	13.0855683269476	16.6827974809413	6.74161992602391	0.000207814963594268	0.0055705955519019	0.000806903235806127	Pparg/Lpl/Cd36/Nr1h3	4
GO:0014909	smooth muscle cell migration	9/435	120/25615	0.075	4.41637931034483	4.77141225732775	4.93042851164248	0.000214716430351634	0.0057158994562573	0.000827950570782655	Plxna1/Il18/Pparg/Sema6d/Igf1/Pdgfa/Aif1/Lrp1/Igfbp5	9
GO:0002040	sprouting angiogenesis	10/435	147/25615	0.0680272108843537	4.00578622253499	4.30107342206956	4.80368813550992	0.000216230347793466	0.00571677494851219	0.000828077386223986	Dll1/Srpx2/Glul/Slc39a12/Stard13/Vegfc/Clec14a/Rtn4/Tgm2/Hmox1	10
GO:0048662	negative regulation of smooth muscle cell proliferation	7/435	72/25615	0.0972222222222222	5.72493614303959	6.31937455068296	5.2769345562685	0.000221047375548144	0.00580437326269277	0.000840766040875882	Pparg/Vipr2/Apoe/Aif1/Efemp2/Igfbp5/Hmox1	7
GO:0006941	striated muscle contraction	13/435	239/25615	0.0543933054393305	3.20295291684702	3.40143857736023	4.4972605682291	0.000244968748466225	0.00634617026227938	0.000919245576509595	Fxyd1/Pde4b/Jup/Dmpk/Kcnh2/Cacna1h/Snta1/Nos1/Trpv4/Ank2/Adrb1/Stac2/Cacna1s	13
GO:0046890	regulation of lipid biosynthetic process	13/435	239/25615	0.0543933054393305	3.20295291684702	3.40143857736023	4.4972605682291	0.000244968748466225	0.00634617026227938	0.000919245576509595	Abhd6/Tcf7l2/Bglap2/Dkk3/Igf1/Pdgfa/Abcg1/Bglap/Zbtb20/Apoe/Lhcgr/Nr1h3/Cd74	13
GO:0002449	lymphocyte mediated immunity	20/435	482/25615	0.04149377593361	2.44336338055039	2.57841756636937	4.20467569381299	0.000248539504107714	0.00639574990570517	0.000926427209844423	Il18/Treml4/Iglc2/Ighg1/Il1r1/Serpinb9/C1qb/Ighg2b/Calhm6/Iglc1/Nectin4/Iglc3/C1ra/Ighm/Rsad2/C1qc/C1qa/Cd74/Cadm1/Havcr2	20
GO:0001655	urogenital system development	7/435	74/25615	0.0945945945945946	5.57020813917366	6.13024829125401	5.17473791457447	0.000262308893942126	0.00670537967295767	0.000971277218926959	Cyp7b1/Hoxa10/Igf1/Fgfr2/Tnc/Eaf2/Prlr	7
GO:0045834	positive regulation of lipid metabolic process	11/435	180/25615	0.0611111111111111	3.5985312899106	3.83946913028916	4.59836880720051	0.000270723834345238	0.00683762770277615	0.000990433404687579	Abhd6/Tcf7l2/Pparg/Igf1/Abcg1/Zbtb20/Apoe/Gdf15/Cd36/Nr1h3/Cd74	11
GO:0032609	type II interferon production	9/435	124/25615	0.0725806451612903	4.27391546162403	4.6047152480098	4.80330689032716	0.000274567951795415	0.00683762770277615	0.000990433404687579	Il18/Tlr3/Pde4b/Il1r1/Prnp/Flt3/Axl/Havcr2/Gas6	9
GO:0032649	regulation of type II interferon production	9/435	124/25615	0.0725806451612903	4.27391546162403	4.6047152480098	4.80330689032716	0.000274567951795415	0.00683762770277615	0.000990433404687579	Il18/Tlr3/Pde4b/Il1r1/Prnp/Flt3/Axl/Havcr2/Gas6	9
GO:0050764	regulation of phagocytosis	9/435	124/25615	0.0725806451612903	4.27391546162403	4.6047152480098	4.80330689032716	0.000274567951795415	0.00683762770277615	0.000990433404687579	Pparg/Ighg1/Ighg2b/Cd36/Mertk/Lrp1/Tgm2/Appl2/Gas6	9
GO:0062208	positive regulation of pattern recognition receptor signaling pathway	8/435	99/25615	0.0808080808080808	4.75838848252641	5.16540134338729	4.92457138583723	0.000288502279069034	0.00713858203337481	0.00103402677292395	Treml4/Atat1/Rsad2/Cd36/Nr1h3/Gbp2/Rtn4/Gm12250	8
GO:0014912	negative regulation of smooth muscle cell migration	5/435	35/25615	0.142857142857143	8.41215106732348	9.74806201550388	5.76744527544133	0.000294414635146741	0.0071926613396609	0.00104186018441933	Pparg/Sema6d/Aif1/Lrp1/Igfbp5	5
GO:0090077	foam cell differentiation	5/435	35/25615	0.142857142857143	8.41215106732348	9.74806201550388	5.76744527544133	0.000294414635146741	0.0071926613396609	0.00104186018441933	Il18/Pparg/Lpl/Abcg1/Cd36	5
GO:0048608	reproductive structure development	17/435	380/25615	0.0447368421052632	2.6343315184513	2.780451316119	4.21876921476461	0.000303642353566614	0.00737144330042221	0.00106775683071109	Serpinb6a/Tcf7l2/Cyp7b1/Col9a3/Hoxa10/Igf1/Cd2ap/Fgfr2/Tnc/Cdkn1c/Axl/Eaf2/Insl3/Prlr/Lhcgr/Kitl/Mertk	17
GO:0006942	regulation of striated muscle contraction	8/435	100/25615	0.08	4.71080459770115	5.10905203136137	4.88681353272617	0.000309016018659603	0.00745501145016293	0.00107986171425682	Fxyd1/Pde4b/Jup/Dmpk/Cacna1h/Trpv4/Ank2/Adrb1	8
GO:0030522	intracellular receptor signaling pathway	19/435	454/25615	0.0418502202643172	2.46435262544939	2.59811560565871	4.13775827554152	0.000317245270521771	0.0075389977052291	0.00109202716054433	Tcf7l2/Cyp7b1/Pparg/Treml4/Tlr3/Igf1/Oas1b/Atat1/Ppt1/Slc15a2/Mn1/Zfp366/Rsad2/Cd36/Nr1h3/Gbp2/Rtn4/Havcr2/Gm12250	19
GO:0062013	positive regulation of small molecule metabolic process	12/435	214/25615	0.0560747663551402	3.30196583951015	3.50789972614283	4.44463213739773	0.000319308360086826	0.0075389977052291	0.00109202716054433	Tcf7l2/Pparg/Igf1/Abcg1/Zbtb20/Apoe/Gdf15/Gpd1/Lhcgr/Cd36/Nr1h3/Cd74	12
GO:0034163	regulation of toll-like receptor 9 signaling pathway	4/435	20/25615	0.2	11.7770114942529	14.5962877030162	6.33710999160526	0.000320309747061548	0.0075389977052291	0.00109202716054433	Treml4/Ppt1/Rsad2/Rtn4	4
GO:1902430	negative regulation of amyloid-beta formation	4/435	20/25615	0.2	11.7770114942529	14.5962877030162	6.33710999160526	0.000320309747061548	0.0075389977052291	0.00109202716054433	Igf1/Prnp/Apoe/Rtn4	4
GO:0071216	cellular response to biotic stimulus	16/435	347/25615	0.0461095100864553	2.71516115141277	2.86673059867762	4.22804599131821	0.000325245583019243	0.00760877545729865	0.00110213449887245	Epsti1/Il18/Cd200/Abca1/Pde4b/Cxcl16/Prdm1/Slc12a2/Axl/Tnip3/Cd36/Nr1h3/Gbp2/Mrc1/Havcr2/Nuggc	16
GO:1904705	regulation of vascular associated smooth muscle cell proliferation	7/435	77/25615	0.0909090909090909	5.35318704284222	5.86682242990654	5.02822516548168	0.000335600215777322	0.00780371586084615	0.00113037170276677	Pparg/Igf1/Fgfr2/Hpgd/Efemp2/Igfbp5/Hmox1	7
GO:0090257	regulation of muscle system process	14/435	280/25615	0.05	2.94425287356322	3.11463932991624	4.29958737563261	0.00033905558440893	0.0078368536276555	0.00113517172298305	Pparg/Fxyd1/Igf1/Pde4b/Jup/Dmpk/Cacna1h/Aif1/Calcrl/Trpv4/Ank2/Adrb1/Cacna1s/Igfbp5	14
GO:0002700	regulation of production of molecular mediator of immune response	11/435	185/25615	0.0594594594594595	3.50127368748058	3.72839405768814	4.48775734927236	0.000342354912425867	0.00786601167835623	0.00113939527955631	Mzb1/Il18/Tlr3/Il1r1/Calhm6/Ighm/Rsad2/Cd36/Cd74/Rtn4/Hmox1	11
GO:0042060	wound healing	18/435	421/25615	0.0427553444180523	2.51765091326071	2.65387293143153	4.12686099865158	0.000351503591535823	0.00802842522679454	0.00116292095406501	Angptl7/Serping1/Myof/Col3a1/Pparg/Igf1/Pdgfa/Slc12a2/Apoe/Axl/Entpd1/Insl3/Cd36/Procr/Mertk/Itgb5/Hmox1/Gas6	18
GO:0051017	actin filament bundle assembly	11/435	186/25615	0.0591397849462366	3.48244963539736	3.70694070080863	4.46609282698649	0.000358442567049044	0.00813875475770183	0.00117890223553924	Dpysl3/Lima1/Pdlim4/Fmn1/Marcks/Arhgap28/Aif1/Fscn1/Itgb5/Rhpn1/Arhgef5	11
GO:0071322	cellular response to carbohydrate stimulus	12/435	217/25615	0.0552995391705069	3.25631654218973	3.45614945511157	4.38718151367451	0.00036222850070511	0.00814377655071201	0.00117962964448353	Tcf7l2/Vcam1/Kcnb1/Igf1/Stxbp4/Abcg1/Zbtb20/Col1a1/Rab34/Calcrl/Lrp1/Gas6	12
GO:0015850	organic hydroxy compound transport	15/435	316/25615	0.0474683544303797	2.79517677869926	2.95194589463692	4.22040912945464	0.000365762293198981	0.00814377655071201	0.00117962964448353	Kcna2/Pparg/Kcnb1/Abca1/Abcg1/Apoe/Entpd1/Abcc3/Cd36/Nr1h3/Slco2b1/Nos1/Rtn4/Lrp1/Tgm2	15
GO:0106106	cold-induced thermogenesis	10/435	157/25615	0.0636942675159236	3.75064060326525	4.00688275310124	4.54388156205099	0.000366971819249381	0.00814377655071201	0.00117962964448353	Abhd6/Il18/Pparg/Pdgfc/Fabp4/Prlr/Cd36/Nr1h3/Adrb1/Appl2	10
GO:1900271	regulation of long-term synaptic potentiation	6/435	56/25615	0.107142857142857	6.30911330049261	7.02937062937063	5.22756626067006	0.000367102880783391	0.00814377655071201	0.00117962964448353	Nsg1/Lgmn/Prnp/Apoe/Nos1/Adrb1	6
GO:0002697	regulation of immune effector process	19/435	461/25615	0.0412147505422994	2.42693295434712	2.55624564914723	4.06355339260235	0.000383103758824074	0.008450174337491	0.00122401149976136	Serping1/Cd5l/Mzb1/Il18/Tlr3/Ighg1/Il1r1/Serpinb9/Ighg2b/Calhm6/Nectin4/Ighm/Rsad2/Cd36/Cd74/Cadm1/Rtn4/Havcr2/Hmox1	19
GO:1902992	negative regulation of amyloid precursor protein catabolic process	4/435	21/25615	0.19047619047619	11.216201423098	13.7371366179883	6.15581386750585	0.000390396591170679	0.00856210705635694	0.00124022500372229	Igf1/Prnp/Apoe/Rtn4	4
GO:0071560	cellular response to transforming growth factor beta stimulus	14/435	285/25615	0.0491228070175439	2.8925993143779	3.05656011429473	4.22297958290055	0.000404906032173326	0.00883015414796066	0.00127905174379851	Gcnt2/Col3a1/Pparg/Wnt10a/Col1a1/Gdf15/Cdkn1c/Col4a2/Yes1/Hpgd/Htra3/Lrp1/Itgb5/Appl2	14
GO:0061572	actin filament bundle organization	11/435	189/25615	0.0582010582010582	3.42717265705771	3.6440269238923	4.40197954279692	0.00041056717562301	0.00890331066238662	0.00128964849735217	Dpysl3/Lima1/Pdlim4/Fmn1/Marcks/Arhgap28/Aif1/Fscn1/Itgb5/Rhpn1/Arhgef5	11
GO:0009306	protein secretion	19/435	464/25615	0.040948275862069	2.41124157748712	2.53870462402766	4.03216404662497	0.000414782425756849	0.00894447018671194	0.00129561047270164	Tcf7l2/Bglap2/Pparg/Kcnb1/Cd200/Abca1/Igf1/Cd2ap/Stxbp4/Abcg1/Slc12a2/Apoe/Glul/Vegfc/Rsad2/Rab34/Nr1h3/Nos1/Lrp1	19
GO:0098659	inorganic cation import across plasma membrane	9/435	132/25615	0.0681818181818182	4.01489028213166	4.30384747509447	4.56445225455965	0.000436008401193474	0.00927130254828608	0.00134295228519964	Prnp/Kcnj9/Slc12a2/Kcnh2/Slc39a12/Trpv4/Ank2/Adrb1/Cacna1s	9
GO:0099587	inorganic ion import across plasma membrane	9/435	132/25615	0.0681818181818182	4.01489028213166	4.30384747509447	4.56445225455965	0.000436008401193474	0.00927130254828608	0.00134295228519964	Prnp/Kcnj9/Slc12a2/Kcnh2/Slc39a12/Trpv4/Ank2/Adrb1/Cacna1s	9
GO:0071692	protein localization to extracellular region	19/435	466/25615	0.0407725321888412	2.40089290118889	2.52714141283772	4.01137257199987	0.000437144317043541	0.00927130254828608	0.00134295228519964	Tcf7l2/Bglap2/Pparg/Kcnb1/Cd200/Abca1/Igf1/Cd2ap/Stxbp4/Abcg1/Slc12a2/Apoe/Glul/Vegfc/Rsad2/Rab34/Nr1h3/Nos1/Lrp1	19
GO:0035592	establishment of protein localization to extracellular region	19/435	467/25615	0.0406852248394004	2.39575180289941	2.52139852335165	4.00101684768672	0.000448712501227822	0.00946464620076172	0.00137095819899317	Tcf7l2/Bglap2/Pparg/Kcnb1/Cd200/Abca1/Igf1/Cd2ap/Stxbp4/Abcg1/Slc12a2/Apoe/Glul/Vegfc/Rsad2/Rab34/Nr1h3/Nos1/Lrp1	19
GO:1990874	vascular associated smooth muscle cell proliferation	7/435	81/25615	0.0864197530864197	5.0888321271463	5.54881283152311	4.84437585563786	0.000457926325011248	0.00960649790512727	0.00139150548127039	Pparg/Igf1/Fgfr2/Hpgd/Efemp2/Igfbp5/Hmox1	7
GO:0045762	positive regulation of adenylate cyclase activity	4/435	22/25615	0.181818181818182	10.7063740856844	12.9734467646301	5.98636558296529	0.000470787612557376	0.00982291991606201	0.00142285430552013	Adcy4/Vipr2/Lhcgr/Adrb1	4
GO:0019884	antigen processing and presentation of exogenous antigen	5/435	39/25615	0.128205128205128	7.54936634246979	8.59986320109439	5.37985714470793	0.000493892958775489	0.0102496065638354	0.00148466005565147	Lgmn/H2-Eb1/Cd74/H2-Aa/H2-Ab1	5
GO:0002274	myeloid leukocyte activation	14/435	293/25615	0.0477815699658703	2.81362049350751	2.96796328931797	4.10380475844642	0.000532924724002898	0.0110004782601668	0.00159342415381655	Ubd/Batf2/Epsti1/Il18/Tlr3/Cd200/Ighm/Gpr137b/C1qa/Nr1h3/Batf3/Aif1/Havcr2/Hmox1	14
GO:0014812	muscle cell migration	9/435	136/25615	0.0661764705882353	3.89680527383367	4.16762781412887	4.45197826542792	0.000542105195192514	0.011074179391649	0.0016040997953923	Plxna1/Il18/Pparg/Sema6d/Igf1/Pdgfa/Aif1/Lrp1/Igfbp5	9
GO:0002440	production of molecular mediator of immune response	12/435	227/25615	0.052863436123348	3.11286647425186	3.29407883885865	4.20267884583388	0.000542233136015973	0.011074179391649	0.0016040997953923	Mzb1/Il18/Tlr3/Il1r1/Calhm6/Ighm/Rsad2/Cd36/Cd74/Rtn4/Nuggc/Hmox1	12
GO:1902003	regulation of amyloid-beta formation	5/435	40/25615	0.125	7.36063218390805	8.35382059800664	5.29148933357076	0.000556656802756754	0.0112479029545137	0.00162926373050575	Igf1/Abcg1/Prnp/Apoe/Rtn4	5
GO:0015849	organic acid transport	17/435	401/25615	0.0423940149625935	2.49637400750996	2.62617125199362	3.96960172823213	0.000559481183229698	0.0112479029545137	0.00162926373050575	Folr2/Pianp/Pparg/Slc38a6/Fxyd1/Slc12a2/Fabp4/Apoe/Slc7a7/Abcc3/Lhcgr/Cd36/Slc16a9/Slco2a1/Slc7a13/Slco2b1/Slc1a3	17
GO:0050867	positive regulation of cell activation	17/435	401/25615	0.0423940149625935	2.49637400750996	2.62617125199362	3.96960172823213	0.000559481183229698	0.0112479029545137	0.00162926373050575	Il18/Vcam1/Cd200/Igf1/Cd83/Prdm1/Axl/Ighm/Prlr/Fgfr1/H2-Eb1/Aif1/Cd74/H2-Aa/H2-Ab1/Havcr2/Gas6	17
GO:0030048	actin filament-based movement	9/435	137/25615	0.0656934306569343	3.8683614397181	4.13490316901408	4.42452813059723	0.000571693718103507	0.0114338743620701	0.00165620177135373	Fxyd1/Pde4b/Jup/Kcnh2/Cacna1h/Snta1/Nos1/Ank2/Adrb1	9
GO:0051056	regulation of small GTPase mediated signal transduction	13/435	263/25615	0.0494296577946768	2.91066824002447	3.07194312796209	4.09366701847291	0.0006088605723888	0.0121144423166019	0.00175478234134505	Psd2/Col3a1/Abca1/Igf1/Cd2ap/Arhgap28/Apoe/Arhgap29/Stard13/Dock6/Rtn4/Tgm2/Arhgef5	13
GO:0032640	tumor necrosis factor production	11/435	199/25615	0.0552763819095477	3.25495292554728	3.44881573665195	4.19726012520348	0.000632456077425943	0.0124405745033179	0.00180202273320437	Il18/Tlr3/Lpl/Igf1/Oas1b/Zbtb20/Flt3/Axl/Cd36/Havcr2/Gas6	11
GO:0032680	regulation of tumor necrosis factor production	11/435	199/25615	0.0552763819095477	3.25495292554728	3.44881573665195	4.19726012520348	0.000632456077425943	0.0124405745033179	0.00180202273320437	Il18/Tlr3/Lpl/Igf1/Oas1b/Zbtb20/Flt3/Axl/Cd36/Havcr2/Gas6	11
GO:0032371	regulation of sterol transport	6/435	62/25615	0.0967741935483871	5.69855394883204	6.27472527472527	4.86849337375274	0.000638143458978482	0.0124405745033179	0.00180202273320437	Pparg/Abca1/Abcg1/Apoe/Nr1h3/Lrp1	6
GO:0032374	regulation of cholesterol transport	6/435	62/25615	0.0967741935483871	5.69855394883204	6.27472527472527	4.86849337375274	0.000638143458978482	0.0124405745033179	0.00180202273320437	Pparg/Abca1/Abcg1/Apoe/Nr1h3/Lrp1	6
GO:0010878	cholesterol storage	4/435	24/25615	0.166666666666667	9.81417624521073	11.6751740139211	5.67804971710743	0.000665776184865175	0.0128494803678979	0.0018612529290058	Pparg/Lpl/Cd36/Nr1h3	4
GO:0043117	positive regulation of vascular permeability	4/435	24/25615	0.166666666666667	9.81417624521073	11.6751740139211	5.67804971710743	0.000665776184865175	0.0128494803678979	0.0018612529290058	Ocln/Il18/Apoe/Trpv4	4
GO:0007584	response to nutrient	10/435	170/25615	0.0588235294117647	3.46382691007437	3.67941176470588	4.23632134109161	0.00068508592008994	0.0131408438552876	0.00190345705935058	Folr2/Bglap2/Abca1/Lpl/Mn1/Bglap/Col1a1/Maf/Kynu/Gas6	10
GO:0071402	cellular response to lipoprotein particle stimulus	5/435	42/25615	0.119047619047619	7.01012588943623	7.90163419233187	5.12357199292985	0.000699921933090755	0.0131408438552876	0.00190345705935058	Pparg/Lpl/Abcg1/Apoe/Cd36	5
GO:0140115	export across plasma membrane	7/435	87/25615	0.0804597701149425	4.73787818734311	5.13142523364486	4.59020247790639	0.000705518332654028	0.0131408438552876	0.00190345705935058	Kcna2/Fxyd1/Kcnb1/Abca1/Slc40a1/Kcnh2/Abcg3	7
GO:0098771	inorganic ion homeostasis	19/435	485/25615	0.0391752577319588	2.30683730299799	2.42224125123803	3.8190172135399	0.000707350404985961	0.0131408438552876	0.00190345705935058	Cp/Fxyd1/Ckb/Slc40a1/Dmpk/Prnp/Slc12a2/Apoe/Kcnh2/Glul/Fgfr1/Mllt6/Slco2b1/Slc1a3/Trpv4/Ank2/Tgm2/Hmox1/Ccl8	19
GO:0002753	cytoplasmic pattern recognition receptor signaling pathway	12/435	234/25615	0.0512820512820513	3.01974653698792	3.18931697655102	4.07949029706033	0.000708737011540756	0.0131408438552876	0.00190345705935058	Treml4/Tlr3/Oas1b/Atat1/Ppt1/Slc15a2/Rsad2/Cd36/Gbp2/Rtn4/Havcr2/Gm12250	12
GO:0061138	morphogenesis of a branching epithelium	12/435	234/25615	0.0512820512820513	3.01974653698792	3.18931697655102	4.07949029706033	0.000708737011540756	0.0131408438552876	0.00190345705935058	Plxna1/Adm/Igf1/Fgfr2/Pdgfa/Tnc/Slc12a2/Eya1/Etv5/Maged1/Fgfr1/Tgm2	12
GO:0071333	cellular response to glucose stimulus	11/435	202/25615	0.0544554455445545	3.2066120405144	3.39423836807271	4.13836858180975	0.00071581587055709	0.0131408438552876	0.00190345705935058	Tcf7l2/Vcam1/Kcnb1/Igf1/Stxbp4/Abcg1/Zbtb20/Col1a1/Rab34/Lrp1/Gas6	11
GO:0071706	tumor necrosis factor superfamily cytokine production	11/435	202/25615	0.0544554455445545	3.2066120405144	3.39423836807271	4.13836858180975	0.00071581587055709	0.0131408438552876	0.00190345705935058	Il18/Tlr3/Lpl/Igf1/Oas1b/Zbtb20/Flt3/Axl/Cd36/Havcr2/Gas6	11
GO:1903555	regulation of tumor necrosis factor superfamily cytokine production	11/435	202/25615	0.0544554455445545	3.2066120405144	3.39423836807271	4.13836858180975	0.00071581587055709	0.0131408438552876	0.00190345705935058	Il18/Tlr3/Lpl/Igf1/Oas1b/Zbtb20/Flt3/Axl/Cd36/Havcr2/Gas6	11
GO:0002399	MHC class II protein complex assembly	3/435	11/25615	0.272727272727273	16.0595611285266	21.8506944444444	6.56614119246194	0.000725129466625973	0.0131408438552876	0.00190345705935058	H2-Eb1/H2-Aa/H2-Ab1	3
GO:0002503	peptide antigen assembly with MHC class II protein complex	3/435	11/25615	0.272727272727273	16.0595611285266	21.8506944444444	6.56614119246194	0.000725129466625973	0.0131408438552876	0.00190345705935058	H2-Eb1/H2-Aa/H2-Ab1	3
GO:0060907	positive regulation of macrophage cytokine production	3/435	11/25615	0.272727272727273	16.0595611285266	21.8506944444444	6.56614119246194	0.000725129466625973	0.0131408438552876	0.00190345705935058	Cd36/Cd74/Rtn4	3
GO:0071600	otic vesicle morphogenesis	3/435	11/25615	0.272727272727273	16.0595611285266	21.8506944444444	6.56614119246194	0.000725129466625973	0.0131408438552876	0.00190345705935058	Stox1/Fgfr2/Eya1	3
GO:0051251	positive regulation of lymphocyte activation	15/435	338/25615	0.0443786982248521	2.61324219547031	2.7484520123839	3.92419542267163	0.000733474017240737	0.0132077387721549	0.00191314681772134	Il18/Vcam1/Igf1/Cd83/Prdm1/Axl/Ighm/Prlr/H2-Eb1/Aif1/Cd74/H2-Aa/H2-Ab1/Havcr2/Gas6	15
GO:0062012	regulation of small molecule metabolic process	17/435	411/25615	0.0413625304136253	2.43563498056325	2.55848492944405	3.85643197799038	0.00073566420622106	0.0132077387721549	0.00191314681772134	Tcf7l2/Bglap2/Pparg/Dkk3/Igf1/Abcg1/Bglap/Zbtb20/Apoe/Gdf15/Gpd1/Entpd1/Lhcgr/Cd36/Nr1h3/Cd74/Appl2	17
GO:1905954	positive regulation of lipid localization	8/435	114/25615	0.0701754385964912	4.13228473482557	4.43179709248376	4.4054524916861	0.00074423209288909	0.0132997031414439	0.0019264678973917	Pparg/Abca1/Lpl/Abcg1/Apoe/Cd36/Nr1h3/Lrp1	8
GO:0002696	positive regulation of leukocyte activation	16/435	376/25615	0.0425531914893617	2.50574712643678	2.63272341553964	3.86603126479353	0.00077438727178915	0.0137748150650052	0.00199528807019364	Il18/Vcam1/Cd200/Igf1/Cd83/Prdm1/Axl/Ighm/Prlr/H2-Eb1/Aif1/Cd74/H2-Aa/H2-Ab1/Havcr2/Gas6	16
GO:0006907	pinocytosis	4/435	25/25615	0.16	9.4216091954023	11.1187714064744	5.53713884529353	0.000782038087427877	0.0137838676596877	0.00199659934254751	Ppt1/Axl/Nr1h3/Appl2	4
GO:0051349	positive regulation of lyase activity	4/435	25/25615	0.16	9.4216091954023	11.1187714064744	5.53713884529353	0.000782038087427877	0.0137838676596877	0.00199659934254751	Adcy4/Vipr2/Lhcgr/Adrb1	4
GO:0010595	positive regulation of endothelial cell migration	8/435	115/25615	0.0695652173913043	4.09635182408796	4.39020333121758	4.37405862788985	0.000788247023618763	0.0138301523234929	0.00200330369662323	Lgmn/Plpp3/Igf1/Srpx2/Sparc/Vegfc/Fgfr1/Hmox1	8
GO:0071331	cellular response to hexose stimulus	11/435	205/25615	0.0536585365853659	3.15968601065321	3.34134895934643	4.08056858119006	0.000808111370310901	0.0141145243864257	0.00204449511603529	Tcf7l2/Vcam1/Kcnb1/Igf1/Stxbp4/Abcg1/Zbtb20/Col1a1/Rab34/Lrp1/Gas6	11
GO:0002695	negative regulation of leukocyte activation	11/435	206/25615	0.0533980582524272	3.1443477290481	3.32408079342042	4.06153784222891	0.000840986327838761	0.0146225550696289	0.00211808358576821	Cd200/Prdm1/Prnp/Flt3/Axl/Nr1h3/Cd74/H2-Aa/Mertk/Havcr2/Lax1	11
GO:0006937	regulation of muscle contraction	10/435	175/25615	0.0571428571428571	3.36486042692939	3.56720142602496	4.12592617591135	0.000856394205757436	0.0148236844584023	0.00214721726691681	Fxyd1/Pde4b/Jup/Dmpk/Cacna1h/Calcrl/Trpv4/Ank2/Adrb1/Cacna1s	10
GO:0071326	cellular response to monosaccharide stimulus	11/435	207/25615	0.0531400966183575	3.12915764340052	3.30698883326916	4.0426227758146	0.000874962005677829	0.0150774702764126	0.0021839782551893	Tcf7l2/Vcam1/Kcnb1/Igf1/Stxbp4/Abcg1/Zbtb20/Col1a1/Rab34/Lrp1/Gas6	11
GO:0007188	adenylate cyclase-modulating G protein-coupled receptor signaling pathway	14/435	309/25615	0.0453074433656958	2.66793140646505	2.80518539393695	3.87704768348614	0.000894165896434632	0.0153399127121675	0.0022219931583806	Adm/Mc5r/Abca1/Pde4b/Adcy4/Vipr2/Mrap/Gpr171/Insl3/Marco/Lhcgr/Calcrl/Nos1/Adrb1	14
GO:1990778	protein localization to cell periphery	17/435	419/25615	0.0405727923627685	2.3891312100513	2.50676045609274	3.7682520899115	0.000908946932653207	0.0155244918585902	0.00224872952958601	Nsg1/Epb41l3/Adam22/Pdzk1/Kcnb1/Jup/Prnp/Mrap/Epb41l1/Nbea/Rab34/Cd36/Zdhhc23/Ank2/Lrp1/Stac2/Gas6	17
GO:0007189	adenylate cyclase-activating G protein-coupled receptor signaling pathway	11/435	209/25615	0.0526315789473684	3.09921355111918	3.27332285115304	4.00513432005378	0.00094632869346749	0.015938019991439	0.00230862926299579	Adm/Mc5r/Abca1/Pde4b/Adcy4/Vipr2/Mrap/Lhcgr/Calcrl/Nos1/Adrb1	11
GO:0002685	regulation of leukocyte migration	12/435	242/25615	0.0495867768595041	2.91992020518666	3.07739747147703	3.94421354854049	0.000949434390839455	0.015938019991439	0.00230862926299579	Cxcl14/Lgmn/Cd200/Il1r1/Gdf15/Spns2/Vegfc/Aif1/Cd74/Rtn4/Trpv4/Gas6	12
GO:0034154	toll-like receptor 7 signaling pathway	3/435	12/25615	0.25	14.7212643678161	19.4220679012346	6.24877367328442	0.000954689868122577	0.015938019991439	0.00230862926299579	Treml4/Rsad2/Havcr2	3
GO:0034351	negative regulation of glial cell apoptotic process	3/435	12/25615	0.25	14.7212643678161	19.4220679012346	6.24877367328442	0.000954689868122577	0.015938019991439	0.00230862926299579	Dll1/Igf1/Gas6	3
GO:0048247	lymphocyte chemotaxis	5/435	45/25615	0.111111111111111	6.54278416347382	7.30813953488372	4.89130031675244	0.000964259928362117	0.015938019991439	0.00230862926299579	Cyp7b1/Cxcl14/Cxcl16/Slc12a2/Gas6	5
GO:0033344	cholesterol efflux	6/435	67/25615	0.0895522388059701	5.27328872876994	5.75925713630632	4.60337816184471	0.000964875732455574	0.015938019991439	0.00230862926299579	Pparg/Abca1/Abcg1/Apoe/Nr1h3/Lrp1	6
GO:0060688	regulation of morphogenesis of a branching structure	6/435	67/25615	0.0895522388059701	5.27328872876994	5.75925713630632	4.60337816184471	0.000964875732455574	0.015938019991439	0.00230862926299579	Fgfr2/Pdgfa/Etv5/Maged1/Fgfr1/Rtn4	6
GO:0015711	organic anion transport	19/435	498/25615	0.0381526104417671	2.24661865854221	2.35526236550506	3.69249469131099	0.000966190849221952	0.015938019991439	0.00230862926299579	Folr2/Pianp/Pparg/Slc38a6/Calhm6/Slc12a2/Fabp4/Apoe/Slc7a7/Abcc3/Slc39a12/Lhcgr/Cd36/Slc16a9/Slco2a1/Slc7a13/Slco2b1/Abcg3/Slc1a3	19
GO:0042476	odontogenesis	9/435	148/25615	0.0608108108108108	3.58084808946878	3.80600871415544	4.13866118670642	0.000993591749907662	0.0163202729984833	0.00236399878056475	Tcf7l2/Dll1/Wnt10a/Fgfr2/Col1a1/Fgfr1/Nkx2-3/Edar/Jag2	9
GO:0030879	mammary gland development	10/435	179/25615	0.0558659217877095	3.28966801515443	3.48221371388792	4.04045331343173	0.00101749421989073	0.0166420664778738	0.00241061070874411	Arhgap5/Igf1/Fgfr2/Slc12a2/Irf6/Prlr/Socs2/Etv5/Rtn4/Igfbp5	10
GO:1901343	negative regulation of vasculature development	8/435	120/25615	0.0666666666666667	3.92567049808429	4.19337571094011	4.22225049652642	0.00104076522558562	0.0169508597922384	0.00245533955725493	Angptl7/Pparg/Slc12a2/Sparc/Col4a2/Ptprm/Stard13/Cd36	8
GO:0031281	positive regulation of cyclase activity	4/435	27/25615	0.148148148148148	8.72371221796509	10.1511146978715	5.2777068420828	0.00105628848387528	0.0171314014611705	0.00248149109805552	Adcy4/Vipr2/Lhcgr/Adrb1	4
GO:0050873	brown fat cell differentiation	6/435	69/25615	0.0869565217391304	5.12043978010994	5.57597957597958	4.50466118081281	0.00112659051228077	0.0181193307391824	0.00262459309204309	Pparg/Fabp4/Mrap/Mecom/Trpv4/Adrb1	6
GO:1903053	regulation of extracellular matrix organization	6/435	69/25615	0.0869565217391304	5.12043978010994	5.57597957597958	4.50466118081281	0.00112659051228077	0.0181193307391824	0.00262459309204309	Angptl7/Fap/Pparg/Fscn1/Efemp2/Lrp1	6
GO:0048839	inner ear development	12/435	247/25615	0.048582995951417	2.86081250872539	3.01131733816206	3.86245512847331	0.00113186667641021	0.0181286529914664	0.00262594342442009	Dll1/Stox1/Cxcl14/Igf1/Fgfr2/C1qb/Col11a1/Sparc/Eya1/Fgfr1/Maf/Jag2	12
GO:0008016	regulation of heart contraction	11/435	214/25615	0.0514018691588785	3.02680201955097	3.19206013570034	3.91334625285135	0.00114603662594366	0.018279757752655	0.00264783101608114	Adm/Fxyd1/Pde4b/Jup/Dmpk/Kcnh2/Cacna1h/Snta1/Nos1/Ank2/Adrb1	11
GO:1902991	regulation of amyloid precursor protein catabolic process	5/435	47/25615	0.106382978723404	6.26436781609195	6.95957918050941	4.74790743874855	0.00117754004219618	0.0187049570488776	0.00270942132268082	Igf1/Abcg1/Prnp/Apoe/Rtn4	5
GO:0008202	steroid metabolic process	16/435	392/25615	0.0408163265306122	2.40347173352099	2.51906768902656	3.68047440557353	0.00119694778444914	0.018846554519603	0.00272993177910254	Lima1/Cyp7b1/Bglap2/Adm/Dkk3/Abca1/Igf1/Sult1a1/Abcg1/Bglap/Apoe/Lhcgr/Cacna1h/Nr1h3/Fgfr1/Lrp1	16
GO:0120161	regulation of cold-induced thermogenesis	9/435	152/25615	0.0592105263157895	3.48661524500907	3.69895597360386	4.0413928524492	0.00119860181520775	0.018846554519603	0.00272993177910254	Abhd6/Il18/Pdgfc/Fabp4/Prlr/Cd36/Nr1h3/Adrb1/Appl2	9
GO:0072659	protein localization to plasma membrane	14/435	319/25615	0.0438871473354232	2.58429719309624	2.71212180211051	3.74249764893219	0.00121115397349458	0.018846554519603	0.00272993177910254	Nsg1/Epb41l3/Pdzk1/Kcnb1/Jup/Prnp/Mrap/Rab34/Cd36/Zdhhc23/Ank2/Lrp1/Stac2/Gas6	14
GO:0050670	regulation of lymphocyte proliferation	12/435	249/25615	0.0481927710843374	2.83783409500069	2.98566597839423	3.83032347228895	0.0012125557079844	0.018846554519603	0.00272993177910254	Mzb1/Il18/Vcam1/Igf1/Prdm1/Prnp/Ighm/Prlr/Aif1/Cd74/H2-Aa/Havcr2	12
GO:0002291	T cell activation via T cell receptor contact with antigen bound to MHC molecule on antigen presenting cell	3/435	13/25615	0.230769230769231	13.5888594164456	17.4791666666667	5.96728226528017	0.00122551429648196	0.018846554519603	0.00272993177910254	Plxna1/Sema6d/Havcr2	3
GO:0007190	activation of adenylate cyclase activity	3/435	13/25615	0.230769230769231	13.5888594164456	17.4791666666667	5.96728226528017	0.00122551429648196	0.018846554519603	0.00272993177910254	Adcy4/Vipr2/Lhcgr	3
GO:0038060	nitric oxide-cGMP-mediated signaling	3/435	13/25615	0.230769230769231	13.5888594164456	17.4791666666667	5.96728226528017	0.00122551429648196	0.018846554519603	0.00272993177910254	Apoe/Cd36/Nos1	3
GO:0097017	renal protein absorption	3/435	13/25615	0.230769230769231	13.5888594164456	17.4791666666667	5.96728226528017	0.00122551429648196	0.018846554519603	0.00272993177910254	Cd2ap/Rhpn1/Gas6	3
GO:0042116	macrophage activation	8/435	124/25615	0.0645161290322581	3.79903596588802	4.04813050149398	4.10659007503947	0.001286136955013	0.0197003517712309	0.00285360468959157	Epsti1/Tlr3/Cd200/Gpr137b/C1qa/Nr1h3/Aif1/Havcr2	8
GO:2000107	negative regulation of leukocyte apoptotic process	6/435	71/25615	0.0845070422535211	4.97620203982516	5.40398063474987	4.4096958261163	0.00130829712253811	0.0199605806047317	0.0028912989515148	Il18/Serpinb9/Axl/Cd74/Mertk/Gas6	6
GO:0046651	lymphocyte proliferation	14/435	322/25615	0.0434782608695652	2.56021989005497	2.68538112718635	3.70313071367142	0.00132285532759848	0.0201032345060241	0.0029119624323726	Mzb1/Il18/Vcam1/Igf1/Itgad/Prdm1/Prnp/Flt3/Ighm/Prlr/Aif1/Cd74/H2-Aa/Havcr2	14
GO:0018108	peptidyl-tyrosine phosphorylation	11/435	218/25615	0.0504587155963303	2.97126436781609	3.12987649257132	3.84182322150772	0.00132972888767332	0.0201284451232118	0.00291561420145112	Il18/Plpp3/Pdgfc/Igf1/Fgfr2/Pdgfa/Yes1/Ighm/Vegfc/Prlr/Fgfr1	11
GO:0048678	response to axon injury	7/435	97/25615	0.0721649484536082	4.24943713710155	4.55944963655244	4.21430689203999	0.00134243122900158	0.020163392315854	0.00292067631780163	Dpysl3/Kcnb1/Tnc/Morn4/Bex1/Rtn4/Lrp1	7
GO:0032944	regulation of mononuclear cell proliferation	12/435	252/25615	0.0476190476190476	2.80405035577449	2.94799054373522	3.7827190222542	0.00134248492880168	0.020163392315854	0.00292067631780163	Mzb1/Il18/Vcam1/Igf1/Prdm1/Prnp/Ighm/Prlr/Aif1/Cd74/H2-Aa/Havcr2	12
GO:0045445	myoblast differentiation	8/435	125/25615	0.064	3.76864367816092	4.01337096419064	4.07842634032662	0.00135414544735945	0.0202596954527421	0.0029346258698826	Tcf7l2/Dll1/Cxcl14/Il18/Igf1/Zfhx3/Sdc1/Ccl8	8
GO:0106070	regulation of adenylate cyclase-activating G protein-coupled receptor signaling pathway	4/435	29/25615	0.137931034482759	8.12207689258819	9.33828306264501	5.04382404300633	0.0013917749221396	0.0207422826233933	0.0030045288355402	Pde4b/Mrap/Nos1/Adrb1	4
GO:1903670	regulation of sprouting angiogenesis	5/435	49/25615	0.102040816326531	6.00867933380249	6.64270613107822	4.61259521396977	0.00142384053224643	0.0210830749957536	0.00305389276179072	Dll1/Glul/Slc39a12/Stard13/Tgm2	5
GO:0001678	intracellular glucose homeostasis	11/435	220/25615	0.05	2.94425287356322	3.0996772591857	3.80667192866016	0.00143025868873956	0.0210830749957536	0.00305389276179072	Tcf7l2/Vcam1/Kcnb1/Igf1/Stxbp4/Abcg1/Zbtb20/Col1a1/Rab34/Lrp1/Gas6	11
GO:0097191	extrinsic apoptotic signaling pathway	12/435	254/25615	0.047244094488189	2.78197121911485	2.92339253267687	3.75136934239702	0.00143534045009173	0.0210830749957536	0.00305389276179072	Siglec1/Tcf7l2/Il18/Tlr3/Bcl2a1a/Igf1/Fgfr2/Eya1/Bcl2a1d/Fgfr1/Bcl2a1b/Hmox1	12
GO:0097009	energy homeostasis	9/435	156/25615	0.0576923076923077	3.39721485411141	3.59772923253809	3.94733565012377	0.00143648930670549	0.0210830749957536	0.00305389276179072	Enho/Dll1/Pparg/Apoe/Gdf15/Cd36/Trpv4/Adrb1/Appl2	9
GO:0046942	carboxylic acid transport	16/435	400/25615	0.04	2.35540229885057	2.46579156722355	3.5910726846557	0.00147265385327708	0.0215319843698845	0.00311891748368895	Folr2/Pianp/Pparg/Slc38a6/Slc12a2/Fabp4/Apoe/Slc7a7/Abcc3/Lhcgr/Cd36/Slc16a9/Slco2a1/Slc7a13/Slco2b1/Slc1a3	16
GO:0150076	neuroinflammatory response	7/435	99/25615	0.0707070707070707	4.16358992221061	4.4599756196668	4.14521396068373	0.00151146624961339	0.0218526764410892	0.0031653698724042	Tlr3/Cd200/Igf1/C1qa/Bpgm/Aif1/Lrp1	7
GO:0001954	positive regulation of cell-matrix adhesion	6/435	73/25615	0.0821917808219178	4.83986773736419	5.24225028702641	4.31822943569921	0.00151157114242767	0.0218526764410892	0.0031653698724042	Fmn1/Plpp3/Jup/Vegfc/Cd36/Efemp2	6
GO:0002720	positive regulation of cytokine production involved in immune response	6/435	73/25615	0.0821917808219178	4.83986773736419	5.24225028702641	4.31822943569921	0.00151157114242767	0.0218526764410892	0.0031653698724042	Il18/Il1r1/Rsad2/Cd36/Cd74/Rtn4	6
GO:0032943	mononuclear cell proliferation	14/435	327/25615	0.0428134556574924	2.52107279693487	2.64195244852891	3.63849768154335	0.00152813818998482	0.0218569498723705	0.00316598888082024	Mzb1/Il18/Vcam1/Igf1/Itgad/Prdm1/Prnp/Flt3/Ighm/Prlr/Aif1/Cd74/H2-Aa/Havcr2	14
GO:0018212	peptidyl-tyrosine modification	11/435	222/25615	0.0495495495495495	2.91772807290049	3.07005052311544	3.77191567296034	0.00153693698433736	0.0218569498723705	0.00316598888082024	Il18/Plpp3/Pdgfc/Igf1/Fgfr2/Pdgfa/Yes1/Ighm/Vegfc/Prlr/Fgfr1	11
GO:0032823	regulation of natural killer cell differentiation	3/435	14/25615	0.214285714285714	12.6182266009852	15.8895202020202	5.71519251232698	0.00154017885111005	0.0218569498723705	0.00316598888082024	Prdm1/Axl/Gas6	3
GO:0034165	positive regulation of toll-like receptor 9 signaling pathway	3/435	14/25615	0.214285714285714	12.6182266009852	15.8895202020202	5.71519251232698	0.00154017885111005	0.0218569498723705	0.00316598888082024	Treml4/Rsad2/Rtn4	3
GO:0060736	prostate gland growth	3/435	14/25615	0.214285714285714	12.6182266009852	15.8895202020202	5.71519251232698	0.00154017885111005	0.0218569498723705	0.00316598888082024	Igf1/Fgfr2/Prlr	3
GO:0034205	amyloid-beta formation	5/435	50/25615	0.1	5.88850574712644	6.49483204134367	4.54771983551107	0.00156029790878752	0.0219808391529921	0.00318393429805325	Igf1/Abcg1/Prnp/Apoe/Rtn4	5
GO:0042908	xenobiotic transport	5/435	50/25615	0.1	5.88850574712644	6.49483204134367	4.54771983551107	0.00156029790878752	0.0219808391529921	0.00318393429805325	Abcg1/Slc15a2/Abcc3/Slco2b1/Abcg3	5
GO:0019058	viral life cycle	12/435	257/25615	0.046692607003891	2.74949684690729	2.88724851642785	3.70491027871517	0.00158451931087756	0.0220810861396676	0.00319845511852471	Siglec1/Oas1b/Oasl2/Nectin4/Apoe/Axl/Rsad2/Ctsb/Cd74/Lrp1/Gas6/Ccl8	12
GO:0045761	regulation of adenylate cyclase activity	4/435	30/25615	0.133333333333333	7.85134099616858	8.9787613778333	4.93513421429598	0.00158457535250983	0.0220810861396676	0.00319845511852471	Adcy4/Vipr2/Lhcgr/Adrb1	4
GO:0061082	myeloid leukocyte cytokine production	4/435	30/25615	0.133333333333333	7.85134099616858	8.9787613778333	4.93513421429598	0.00158457535250983	0.0220810861396676	0.00319845511852471	Cd36/Cd74/Rtn4/Hmox1	4
GO:0014911	positive regulation of smooth muscle cell migration	6/435	74/25615	0.0810810810810811	4.77446411929171	5.16495269436446	4.27373589790842	0.00162180016435286	0.0225185202676332	0.00326181764592754	Il18/Sema6d/Igf1/Aif1/Lrp1/Igfbp5	6
GO:0007015	actin filament organization	18/435	482/25615	0.037344398340249	2.19902704249535	2.29930538327958	3.49289716625776	0.00164819574030329	0.0227393910478877	0.00329381087638591	Dpysl3/Lima1/Pdlim4/Fmn1/Fchsd2/C9orf72/Shroom3/Cd2ap/Marcks/Arhgap28/Mical2/Aif1/Fscn1/Elmo3/Trpv4/Itgb5/Rhpn1/Arhgef5	18
GO:0046889	positive regulation of lipid biosynthetic process	8/435	129/25615	0.062015503875969	3.65178650984585	3.88007819304392	3.96860651398864	0.00165528887993142	0.0227393910478877	0.00329381087638591	Abhd6/Tcf7l2/Igf1/Abcg1/Zbtb20/Apoe/Nr1h3/Cd74	8
GO:0045766	positive regulation of angiogenesis	10/435	191/25615	0.0523560209424084	3.08298730216044	3.24978875528112	3.79784148734057	0.00165538054001462	0.0227393910478877	0.00329381087638591	Dll1/Adm/Tlr3/Jup/Slc39a12/Vegfc/Cd36/Rtn4/Tgm2/Hmox1	10
GO:0042742	defense response to bacterium	17/435	444/25615	0.0382882882882883	2.25460805633219	2.35761348228993	3.50513533057097	0.00169126617108246	0.0231414801049359	0.00335205365459365	Adm/Il18/Ighg1/Serpinb9/Oas1b/Jchain/Ighg2b/Slc15a2/Stab2/Gbp8/Ighm/Rab34/Cd36/Gbp2/Iigp1/Havcr2/Gm12250	17
GO:0050810	regulation of steroid biosynthetic process	7/435	101/25615	0.0693069306930693	4.08114259701832	4.36473453966991	4.07791977514057	0.00169664219422199	0.0231414801049359	0.00335205365459365	Bglap2/Dkk3/Igf1/Abcg1/Bglap/Apoe/Lhcgr	7
GO:0032868	response to insulin	14/435	331/25615	0.0422960725075529	2.49060666041602	2.60819589830432	3.58764639551249	0.00171090518755274	0.0232538521970197	0.00336833080196001	Cp/Bglap2/Mzb1/Pparg/Lpl/Igf1/Cd2ap/Marcks/Stxbp4/Bglap/Col1a1/Insrr/Trpv4/Appl2	14
GO:0060840	artery development	8/435	130/25615	0.0615384615384615	3.6236958443855	3.84812070487964	3.94183383341564	0.00173827488928103	0.0235429511320168	0.00341020691088657	Col3a1/Prdm1/Apoe/Eya1/Hpgd/Efemp2/Rtn4/Lrp1	8
GO:0002768	immune response-regulating cell surface receptor signaling pathway	15/435	369/25615	0.040650406504065	2.39370152322213	2.5046408393866	3.54439517780373	0.00175176629702677	0.0236427199528788	0.00342465846882792	Pde4b/Cd2ap/Oas1b/Vav2/Prnp/Gpr33/Ighm/Btnl6/Bcl2a1d/Tnip3/Cd36/Nr1h3/Fcna/Appl2/Lax1	15
GO:0001934	positive regulation of protein phosphorylation	17/435	446/25615	0.0381165919282511	2.2444977063038	2.34643267418387	3.48484942526041	0.00177300651750579	0.0238179488304683	0.00345004044944674	Stox1/Il18/Plpp3/Fzd1/Pdgfc/Igf1/Flt3/Yes1/Ighm/Vegfc/Prlr/Maged1/Lrrn3/Fgfr1/Aif1/Arhgef5/Gas6	17
GO:0061484	hematopoietic stem cell homeostasis	4/435	31/25615	0.129032258064516	7.59807193177605	8.64587092893357	4.83135709016639	0.00179518929842139	0.0238179488304683	0.00345004044944674	Cadps2/Emcn/Nbea/Arhgef5	4
GO:0071295	cellular response to vitamin	4/435	31/25615	0.129032258064516	7.59807193177605	8.64587092893357	4.83135709016639	0.00179518929842139	0.0238179488304683	0.00345004044944674	Folr2/Mn1/Col1a1/Gas6	4
GO:0071875	adrenergic receptor signaling pathway	4/435	31/25615	0.129032258064516	7.59807193177605	8.64587092893357	4.83135709016639	0.00179518929842139	0.0238179488304683	0.00345004044944674	Lmbrd2/Pde4b/Nos1/Adrb1	4
GO:0120162	positive regulation of cold-induced thermogenesis	7/435	102/25615	0.0686274509803922	4.04113139508677	4.31861780619774	4.04492035030676	0.00179560184188246	0.0238179488304683	0.00345004044944674	Il18/Pdgfc/Fabp4/Prlr/Cd36/Adrb1/Appl2	7
GO:0051048	negative regulation of secretion	11/435	227/25615	0.0484581497797357	2.85346093473087	2.99838399720475	3.68669821633243	0.00183237918177983	0.0242225467180485	0.00350864663286949	Pparg/Kcnb1/C9orf72/Cd200/Apoe/Entpd1/Rsad2/Nr1h3/Cd74/Nos1/Hmox1	11
GO:0050714	positive regulation of protein secretion	10/435	194/25615	0.0515463917525773	3.03531224078682	3.19641943734015	3.7401675883214	0.0018571890536629	0.0242961651936642	0.00351931030170633	Tcf7l2/Bglap2/Pparg/Igf1/Cd2ap/Abcg1/Glul/Vegfc/Rab34/Lrp1	10
GO:1904018	positive regulation of vasculature development	10/435	194/25615	0.0515463917525773	3.03531224078682	3.19641943734015	3.7401675883214	0.0018571890536629	0.0242961651936642	0.00351931030170633	Dll1/Adm/Tlr3/Jup/Slc39a12/Vegfc/Cd36/Rtn4/Tgm2/Hmox1	10
GO:0030199	collagen fibril organization	6/435	76/25615	0.0789473684210526	4.64882032667877	5.01698301698302	4.18709484814972	0.0018604725795135	0.0242961651936642	0.00351931030170633	Col3a1/Col7a1/Col11a1/Col1a1/Col4a2/Efemp2	6
GO:0097530	granulocyte migration	9/435	162/25615	0.0555555555555556	3.27139208173691	3.45581331123999	3.81184817239047	0.00186312562106855	0.0242961651936642	0.00351931030170633	Ccl22/Pde4b/Il1r1/Itga9/Cd74/Rtn4/Trpv4/Mcoln2/Ccl8	9
GO:0001570	vasculogenesis	7/435	103/25615	0.0679611650485437	4.00189710969758	4.27346183800623	4.01233910100355	0.00189898258637195	0.0245425355769525	0.00355499716097118	Adm/Egfl7/Fgfr2/Fgfr1/Ackr3/Elmo3/Rtn4	7
GO:0002690	positive regulation of leukocyte chemotaxis	7/435	103/25615	0.0679611650485437	4.00189710969758	4.27346183800623	4.01233910100355	0.00189898258637195	0.0245425355769525	0.00355499716097118	Cxcl14/Lgmn/Vegfc/Aif1/Cd74/Trpv4/Gas6	7
GO:0033700	phospholipid efflux	3/435	15/25615	0.2	11.7770114942529	14.5648148148148	5.48756226604082	0.00190109278173803	0.0245425355769525	0.00355499716097118	Abca1/Abcg1/Apoe	3
GO:0009749	response to glucose	12/435	263/25615	0.0456273764258555	2.68677068309951	2.81755248509508	3.6139594349687	0.00192130370510695	0.0247207743390427	0.00358081512469457	Tcf7l2/Vcam1/Kcnb1/Igf1/Stxbp4/Abcg1/Zbtb20/Col1a1/Glul/Rab34/Lrp1/Gas6	12
GO:0050807	regulation of synapse organization	16/435	412/25615	0.0388349514563107	2.28679834839862	2.3899134543526	3.46089522199202	0.00198526942138507	0.0254589367659348	0.00368773827954583	Fzd1/Marcks/Mapre3/Srpx2/Dmpk/Abi3bp/Prnp/Rims3/Apoe/Sparc/Adgrl4/Dnm3/Etv5/Lrrn3/Fgfr1/Rtn4	16
GO:0001779	natural killer cell differentiation	4/435	32/25615	0.125	7.36063218390805	8.33675836924097	4.73211188345009	0.00202444076980267	0.0255745376153613	0.00370448311384498	Prdm1/Axl/Mertk/Gas6	4
GO:0060740	prostate gland epithelium morphogenesis	4/435	32/25615	0.125	7.36063218390805	8.33675836924097	4.73211188345009	0.00202444076980267	0.0255745376153613	0.00370448311384498	Cyp7b1/Igf1/Fgfr2/Tnc	4
GO:0086005	ventricular cardiac muscle cell action potential	4/435	32/25615	0.125	7.36063218390805	8.33675836924097	4.73211188345009	0.00202444076980267	0.0255745376153613	0.00370448311384498	Jup/Kcnh2/Snta1/Ank2	4
GO:0001706	endoderm formation	5/435	53/25615	0.0943396226415094	5.55519410106268	6.08817829457364	4.36317744061385	0.00202741153116595	0.0255745376153613	0.00370448311384498	Mmp15/Col11a1/Col4a2/Dusp4/Col12a1	5
GO:0010883	regulation of lipid storage	5/435	53/25615	0.0943396226415094	5.55519410106268	6.08817829457364	4.36317744061385	0.00202741153116595	0.0255745376153613	0.00370448311384498	Pparg/Lpl/Abcg1/Cd36/Nr1h3	5
GO:0051962	positive regulation of nervous system development	15/435	375/25615	0.04	2.35540229885057	2.46230158730159	3.47531875956902	0.00204608740617955	0.0257260501232999	0.00372642976780355	Pparg/Igf1/Marcks/Mapre3/Srpx2/Jup/Apoe/Adgrl4/Vegfc/Etv5/Lrrn3/Bex1/Rtn4/Lrp1/Tgm2	15
GO:0055123	digestive system development	9/435	165/25615	0.0545454545454545	3.21191222570533	3.38894907908992	3.74646289778739	0.0021114720336793	0.026461954707799	0.00383302587318301	Tcf7l2/Col3a1/Pdgfc/Igf1/Fgfr2/Pdgfa/Prdm1/Cdkn1c/Nkx2-3	9
GO:0009743	response to carbohydrate	13/435	302/25615	0.043046357615894	2.53478724214052	2.65323308024074	3.52643035003245	0.00211849152077532	0.0264640041106561	0.0038333227300956	Tcf7l2/Vcam1/Kcnb1/Igf1/Stxbp4/Abcg1/Zbtb20/Col1a1/Glul/Rab34/Calcrl/Lrp1/Gas6	13
GO:0002429	immune response-activating cell surface receptor signaling pathway	14/435	339/25615	0.0412979351032448	2.43183128199912	2.54317558925635	3.48813263441629	0.00213124174882906	0.0265373972596135	0.00384395376026607	Pde4b/Cd2ap/Oas1b/Prnp/Gpr33/Ighm/Btnl6/Bcl2a1d/Tnip3/Cd36/Nr1h3/Fcna/Appl2/Lax1	14
GO:0017157	regulation of exocytosis	11/435	232/25615	0.0474137931034483	2.79196393182719	2.92996030052079	3.60377152824033	0.00217256371177553	0.0269649386734841	0.00390588332364562	Cadps2/Mc5r/Kcnb1/C9orf72/Rims3/Ighm/Epb41l1/Cacna1h/Sdc1/Scamp5/Hmox1	11
GO:0002687	positive regulation of leukocyte migration	9/435	166/25615	0.0542168674698795	3.19256335687578	3.36722885081188	3.72500022270439	0.00219987434346297	0.0270911859266001	0.00392417029424002	Cxcl14/Lgmn/Il1r1/Vegfc/Aif1/Cd74/Rtn4/Trpv4/Gas6	9
GO:0071827	plasma lipoprotein particle organization	5/435	54/25615	0.0925925925925926	5.45232013622818	5.96369245372568	4.30476860686064	0.002203631057789	0.0270911859266001	0.00392417029424002	Abca1/Lpl/Abcg1/Apoe/Cd36	5
GO:0009791	post-embryonic development	8/435	135/25615	0.0592592592592593	3.48948488718604	3.69588227701046	3.81181780898244	0.00220379077226747	0.0270911859266001	0.00392417029424002	Tcf7l2/Ndn/Fgfr2/Prdm1/Flt3/Mecom/Nkx2-3/Selenop	8
GO:0009746	response to hexose	12/435	268/25615	0.0447761194029851	2.63664436438497	2.76196808510638	3.54008673047562	0.00224490842253934	0.0274454136741547	0.00397548034054495	Tcf7l2/Vcam1/Kcnb1/Igf1/Stxbp4/Abcg1/Zbtb20/Col1a1/Glul/Rab34/Lrp1/Gas6	12
GO:0002460	adaptive immune response based on somatic recombination of immune receptors built from immunoglobulin superfamily domains	18/435	496/25615	0.0362903225806452	2.13695773081201	2.23069745040787	3.36077511270224	0.00224682661166655	0.0274454136741547	0.00397548034054495	Il18/Treml4/Iglc2/Ighg1/Il1r1/Serpinb9/C1qb/Ighg2b/Iglc1/Iglc3/C1ra/Ighm/Rsad2/C1qc/C1qa/Cd74/Il18bp/Havcr2	18
GO:0048535	lymph node development	4/435	33/25615	0.121212121212121	7.13758272378962	8.04896391711337	4.63705822916896	0.00227314614158353	0.0275057808981581	0.00398422455970986	Cd2ap/Flt3/Spns2/Nkx2-3	4
GO:0060512	prostate gland morphogenesis	4/435	33/25615	0.121212121212121	7.13758272378962	8.04896391711337	4.63705822916896	0.00227314614158353	0.0275057808981581	0.00398422455970986	Cyp7b1/Igf1/Fgfr2/Tnc	4
GO:0060669	embryonic placenta morphogenesis	4/435	33/25615	0.121212121212121	7.13758272378962	8.04896391711337	4.63705822916896	0.00227314614158353	0.0275057808981581	0.00398422455970986	Adm/Vcam1/Fgfr2/Cdkn1c	4
GO:0032905	transforming growth factor beta1 production	3/435	16/25615	0.1875	11.0409482758621	13.4439102564103	5.28054428584812	0.00231050452179414	0.0276973523420043	0.00401197376829759	Col3a1/Cd2ap/Lum	3
GO:0051764	actin crosslink formation	3/435	16/25615	0.1875	11.0409482758621	13.4439102564103	5.28054428584812	0.00231050452179414	0.0276973523420043	0.00401197376829759	Dpysl3/Marcks/Aif1	3
GO:0071599	otic vesicle development	3/435	16/25615	0.1875	11.0409482758621	13.4439102564103	5.28054428584812	0.00231050452179414	0.0276973523420043	0.00401197376829759	Stox1/Fgfr2/Eya1	3
GO:0031670	cellular response to nutrient	5/435	55/25615	0.0909090909090909	5.35318704284222	5.84418604651163	4.24779662990146	0.0023907465367393	0.0284823507154744	0.00412568113077866	Folr2/Lpl/Mn1/Col1a1/Gas6	5
GO:0070293	renal absorption	5/435	55/25615	0.0909090909090909	5.35318704284222	5.84418604651163	4.24779662990146	0.0023907465367393	0.0284823507154744	0.00412568113077866	Cd2ap/Slc15a2/Mllt6/Rhpn1/Gas6	5
GO:0042982	amyloid precursor protein metabolic process	6/435	80/25615	0.075	4.41637931034483	4.74503874503875	4.02252371970608	0.00241658548251914	0.0286135581672512	0.00414468658834853	Nsg1/Igf1/Abcg1/Prnp/Apoe/Rtn4	6
GO:0097192	extrinsic apoptotic signaling pathway in absence of ligand	6/435	80/25615	0.075	4.41637931034483	4.74503874503875	4.02252371970608	0.00241658548251914	0.0286135581672512	0.00414468658834853	Bcl2a1a/Igf1/Eya1/Bcl2a1d/Fgfr1/Bcl2a1b	6
GO:0050803	regulation of synapse structure or activity	16/435	421/25615	0.0380047505938242	2.23791192289841	2.33595568519992	3.36618282224012	0.00246105578672247	0.0290509949136047	0.00420804949502602	Fzd1/Marcks/Mapre3/Srpx2/Dmpk/Abi3bp/Prnp/Rims3/Apoe/Sparc/Adgrl4/Dnm3/Etv5/Lrrn3/Fgfr1/Rtn4	16
GO:0019915	lipid storage	7/435	108/25615	0.0648148148148148	3.81662409535973	4.06109466086796	3.85537427374366	0.00248687301010429	0.0291718582903274	0.00422555660873753	Pparg/Lpl/Abcg1/Fabp4/Apoe/Cd36/Nr1h3	7
GO:0007596	blood coagulation	10/435	202/25615	0.0495049504950495	2.91510185501309	3.06225490196078	3.59165870675852	0.00249396715953576	0.0291718582903274	0.00422555660873753	Angptl7/Serping1/Pdgfa/Apoe/Axl/Entpd1/Cd36/Procr/Mertk/Gas6	10
GO:1903531	negative regulation of secretion by cell	10/435	202/25615	0.0495049504950495	2.91510185501309	3.06225490196078	3.59165870675852	0.00249396715953576	0.0291718582903274	0.00422555660873753	Pparg/Kcnb1/C9orf72/Cd200/Apoe/Entpd1/Rsad2/Nr1h3/Nos1/Hmox1	10
GO:0045662	negative regulation of myoblast differentiation	4/435	34/25615	0.117647058823529	6.92765382014875	7.78035576179428	4.54589081452228	0.00254211290283075	0.0295558909786949	0.0042811839139353	Dll1/Cxcl14/Il18/Zfhx3	4
GO:0055094	response to lipoprotein particle	4/435	34/25615	0.117647058823529	6.92765382014875	7.78035576179428	4.54589081452228	0.00254211290283075	0.0295558909786949	0.0042811839139353	Pparg/Lpl/Apoe/Cd36	4
GO:0007528	neuromuscular junction development	6/435	81/25615	0.0740740740740741	4.36185610898255	4.68158508158508	3.98306755035457	0.00257327821511977	0.029739083563959	0.00430771944114206	Ppfibp2/Fgfr2/Tnc/Etv5/Snta1/Cacna1s	6
GO:0055117	regulation of cardiac muscle contraction	6/435	81/25615	0.0740740740740741	4.36185610898255	4.68158508158508	3.98306755035457	0.00257327821511977	0.029739083563959	0.00430771944114206	Fxyd1/Pde4b/Jup/Cacna1h/Ank2/Adrb1	6
GO:0010596	negative regulation of endothelial cell migration	5/435	56/25615	0.0892857142857143	5.25759441707718	5.72936616507068	4.19219852103453	0.00258914297359772	0.0298331100838424	0.0043213392242404	Pparg/Jup/Apoe/Ptprm/Stard13	5
GO:2000106	regulation of leukocyte apoptotic process	7/435	109/25615	0.0642201834862385	3.7816091954023	4.0211196628184	3.82510756924476	0.00261960259142589	0.0300942440562617	0.00435916459593736	Siglec1/Il18/Serpinb9/Axl/Cd74/Mertk/Gas6	7
GO:0070663	regulation of leukocyte proliferation	12/435	274/25615	0.0437956204379562	2.57890762647873	2.69806724053922	3.45362832570561	0.00269065459020224	0.030765165735072	0.00445634789861307	Mzb1/Il18/Vcam1/Igf1/Prdm1/Prnp/Ighm/Prlr/Aif1/Cd74/H2-Aa/Havcr2	12
GO:0038034	signal transduction in absence of ligand	6/435	82/25615	0.0731707317073171	4.30866274179983	4.6198012513802	3.94424580884442	0.00273747386715392	0.030765165735072	0.00445634789861307	Bcl2a1a/Igf1/Eya1/Bcl2a1d/Fgfr1/Bcl2a1b	6
GO:0061180	mammary gland epithelium development	6/435	82/25615	0.0731707317073171	4.30866274179983	4.6198012513802	3.94424580884442	0.00273747386715392	0.030765165735072	0.00445634789861307	Fgfr2/Slc12a2/Irf6/Prlr/Etv5/Rtn4	6
GO:0032755	positive regulation of interleukin-6 production	7/435	110/25615	0.0636363636363636	3.74723092998955	3.9819208783232	3.79519691414205	0.00275770699937475	0.030765165735072	0.00445634789861307	Tlr3/Lpl/Zbtb20/Cd36/Aif1/Cd74/Trpv4	7
GO:0045921	positive regulation of exocytosis	7/435	110/25615	0.0636363636363636	3.74723092998955	3.9819208783232	3.79519691414205	0.00275770699937475	0.030765165735072	0.00445634789861307	Cadps2/Mc5r/Kcnb1/Ighm/Cacna1h/Sdc1/Scamp5	7
GO:0002830	positive regulation of type 2 immune response	3/435	17/25615	0.176470588235294	10.3914807302231	12.4831349206349	5.09109244665791	0.00277050754700125	0.030765165735072	0.00445634789861307	Il18/Rsad2/Cd74	3
GO:0034350	regulation of glial cell apoptotic process	3/435	17/25615	0.176470588235294	10.3914807302231	12.4831349206349	5.09109244665791	0.00277050754700125	0.030765165735072	0.00445634789861307	Dll1/Igf1/Gas6	3
GO:0060100	positive regulation of phagocytosis, engulfment	3/435	17/25615	0.176470588235294	10.3914807302231	12.4831349206349	5.09109244665791	0.00277050754700125	0.030765165735072	0.00445634789861307	Pparg/Cd36/Appl2	3
GO:1905155	positive regulation of membrane invagination	3/435	17/25615	0.176470588235294	10.3914807302231	12.4831349206349	5.09109244665791	0.00277050754700125	0.030765165735072	0.00445634789861307	Pparg/Cd36/Appl2	3
GO:0034284	response to monosaccharide	12/435	275/25615	0.0436363636363636	2.56952978056426	2.68770056360057	3.43944263417555	0.00277149726165429	0.030765165735072	0.00445634789861307	Tcf7l2/Vcam1/Kcnb1/Igf1/Stxbp4/Abcg1/Zbtb20/Col1a1/Glul/Rab34/Lrp1/Gas6	12
GO:0007599	hemostasis	10/435	205/25615	0.048780487804878	2.87244182786655	3.01478129713424	3.53784173032977	0.00277364706627074	0.030765165735072	0.00445634789861307	Angptl7/Serping1/Pdgfa/Apoe/Axl/Entpd1/Cd36/Procr/Mertk/Gas6	10
GO:0050817	coagulation	10/435	205/25615	0.048780487804878	2.87244182786655	3.01478129713424	3.53784173032977	0.00277364706627074	0.030765165735072	0.00445634789861307	Angptl7/Serping1/Pdgfa/Apoe/Axl/Entpd1/Cd36/Procr/Mertk/Gas6	10
GO:0050729	positive regulation of inflammatory response	9/435	172/25615	0.0523255813953488	3.08119486768244	3.24250410438089	3.5995505664771	0.00279403772704712	0.0308712448169428	0.00447171350065964	Il18/Tlr3/Lpl/Ighg1/Ighg2b/Fabp4/Gbp2/Trpv4/Gm12250	9
GO:0043114	regulation of vascular permeability	5/435	57/25615	0.087719298245614	5.16535591853196	5.61896243291592	4.13791513812509	0.00279920613625129	0.0308712448169428	0.00447171350065964	Ocln/Adm/Il18/Apoe/Trpv4	5
GO:0035455	response to interferon-alpha	4/435	35/25615	0.114285714285714	6.72972085385878	7.52907716488287	4.45833485691736	0.00283213848575772	0.0310569731676841	0.00449861633462016	Oas1b/Axl/Tgtp1/Gas6	4
GO:0120255	olefinic compound biosynthetic process	4/435	35/25615	0.114285714285714	6.72972085385878	7.52907716488287	4.45833485691736	0.00283213848575772	0.0310569731676841	0.00449861633462016	Bglap2/Dkk3/Bglap/Cacna1h	4
GO:0046718	symbiont entry into host cell	7/435	111/25615	0.0630630630630631	3.71347209278244	3.94347591660676	3.76563452460785	0.0029013277321853	0.0317238968915538	0.00459522053174997	Siglec1/Nectin4/Axl/Ctsb/Cd74/Lrp1/Gas6	7
GO:0032729	positive regulation of type II interferon production	6/435	83/25615	0.072289156626506	4.25675114250104	4.55962219598583	3.90603985858848	0.00290939365274871	0.0317238968915538	0.00459522053174997	Il18/Tlr3/Pde4b/Il1r1/Flt3/Havcr2	6
GO:0001906	cell killing	13/435	314/25615	0.0414012738853503	2.43791639212241	2.54622821243564	3.36965224858592	0.00296336949338013	0.0322214260406966	0.00466728784961765	Ccl22/Cd5l/Cxcl14/Il18/Ighg1/Serpinb9/Nectin4/C1ra/Gbp2/Cadm1/Havcr2/Gm12250/Ccl8	13
GO:0071825	protein-lipid complex organization	5/435	58/25615	0.0862068965517241	5.07629805786762	5.51272487933304	4.08489088751699	0.00302132218721348	0.0327592798950675	0.0047451962189184	Abca1/Lpl/Abcg1/Apoe/Cd36	5
GO:0010810	regulation of cell-substrate adhesion	11/435	243/25615	0.0452674897119342	2.66557873326711	2.7898096942095	3.42883368771421	0.00310267111891738	0.0335470882885745	0.00485931061404783	Gcnt2/Fmn1/Plpp3/Jup/Abi3bp/Col1a1/Vegfc/Cd36/Egfl6/Efemp2/Lrp1	11
GO:0043537	negative regulation of blood vessel endothelial cell migration	4/435	36/25615	0.111111111111111	6.54278416347382	7.29350348027842	4.37414227607538	0.00314400917144485	0.033736692637669	0.00488677488808852	Pparg/Jup/Apoe/Stard13	4
GO:0001936	regulation of endothelial cell proliferation	8/435	143/25615	0.0559440559440559	3.29426894944136	3.4757567872322	3.61606552336491	0.00314642729263234	0.033736692637669	0.00488677488808852	Pparg/Egfl7/Igf1/Apoe/Sparc/Ptprm/Fgfr1/Hmox1	8
GO:0060048	cardiac muscle contraction	8/435	143/25615	0.0559440559440559	3.29426894944136	3.4757567872322	3.61606552336491	0.00314642729263234	0.033736692637669	0.00488677488808852	Fxyd1/Pde4b/Jup/Kcnh2/Cacna1h/Snta1/Ank2/Adrb1	8
GO:0030101	natural killer cell activation	7/435	113/25615	0.0619469026548673	3.64774692299868	3.86876212308235	3.70752459921192	0.0032056898747694	0.034276905586177	0.0049650249732211	Il18/Prdm1/Axl/Slamf7/Mertk/Havcr2/Gas6	7
GO:0051250	negative regulation of lymphocyte activation	9/435	176/25615	0.0511363636363636	3.01116771159875	3.16433330522054	3.51892550036875	0.00325600904339539	0.0343429750835095	0.00497459516920625	Prdm1/Prnp/Flt3/Axl/Cd74/H2-Aa/Mertk/Havcr2/Lax1	9
GO:0002396	MHC protein complex assembly	3/435	18/25615	0.166666666666667	9.81417624521073	11.650462962963	4.91675894742196	0.00328304606368265	0.0343429750835095	0.00497459516920625	H2-Eb1/H2-Aa/H2-Ab1	3
GO:0002501	peptide antigen assembly with MHC protein complex	3/435	18/25615	0.166666666666667	9.81417624521073	11.650462962963	4.91675894742196	0.00328304606368265	0.0343429750835095	0.00497459516920625	H2-Eb1/H2-Aa/H2-Ab1	3
GO:0010744	positive regulation of macrophage derived foam cell differentiation	3/435	18/25615	0.166666666666667	9.81417624521073	11.650462962963	4.91675894742196	0.00328304606368265	0.0343429750835095	0.00497459516920625	Il18/Lpl/Cd36	3
GO:0010934	macrophage cytokine production	3/435	18/25615	0.166666666666667	9.81417624521073	11.650462962963	4.91675894742196	0.00328304606368265	0.0343429750835095	0.00497459516920625	Cd36/Cd74/Rtn4	3
GO:0010935	regulation of macrophage cytokine production	3/435	18/25615	0.166666666666667	9.81417624521073	11.650462962963	4.91675894742196	0.00328304606368265	0.0343429750835095	0.00497459516920625	Cd36/Cd74/Rtn4	3
GO:0034375	high-density lipoprotein particle remodeling	3/435	18/25615	0.166666666666667	9.81417624521073	11.650462962963	4.91675894742196	0.00328304606368265	0.0343429750835095	0.00497459516920625	Lpl/Abcg1/Apoe	3
GO:0035743	CD4-positive, alpha-beta T cell cytokine production	3/435	18/25615	0.166666666666667	9.81417624521073	11.650462962963	4.91675894742196	0.00328304606368265	0.0343429750835095	0.00497459516920625	Il18/Il1r1/Rsad2	3
GO:0043583	ear development	12/435	281/25615	0.0427046263345196	2.51466437599705	2.62711909093306	3.35562295176832	0.00329899917036956	0.0344165859395311	0.00498525773434149	Dll1/Stox1/Cxcl14/Igf1/Fgfr2/C1qb/Col11a1/Sparc/Eya1/Fgfr1/Maf/Jag2	12
GO:0050727	regulation of inflammatory response	16/435	434/25615	0.0368663594470046	2.17087769479316	2.26211873793836	3.23351871721713	0.0033127557276865	0.0344669463850941	0.00499255246721212	Il18/Pparg/Tlr3/Cd200/Lpl/Igf1/Ighg1/Il1r1/Ighg2b/Tnc/Fabp4/Apoe/Nr1h3/Gbp2/Trpv4/Gm12250	16
GO:0044409	symbiont entry into host	7/435	114/25615	0.0614035087719298	3.61574914297237	3.83245261594899	3.67896265987937	0.00336671982311671	0.0347474291904558	0.00503318052594044	Siglec1/Nectin4/Axl/Ctsb/Cd74/Lrp1/Gas6	7
GO:0170062	nutrient storage	7/435	114/25615	0.0614035087719298	3.61574914297237	3.83245261594899	3.67896265987937	0.00336671982311671	0.0347474291904558	0.00503318052594044	Pparg/Lpl/Abcg1/Fabp4/Apoe/Cd36/Nr1h3	7
GO:1902106	negative regulation of leukocyte differentiation	7/435	114/25615	0.0614035087719298	3.61574914297237	3.83245261594899	3.67896265987937	0.00336671982311671	0.0347474291904558	0.00503318052594044	Flt3/Tmem176b/Gpr137b/C1qc/Cd74/Tmem176a/Stac2	7
GO:0045926	negative regulation of growth	11/435	246/25615	0.0447154471544715	2.63307167554434	2.75386391007627	3.38280211816146	0.00340526487337176	0.0350515264299067	0.00507722914591767	Tcf7l2/Pparg/Lgmn/Sema6d/Ppt1/Gdf15/Eaf2/Socs2/Rtn4/Adrb1/Igfbp5	11
GO:0042327	positive regulation of phosphorylation	17/435	476/25615	0.0357142857142857	2.10303776683087	2.19041290093922	3.19282656367766	0.00345687520685646	0.0354319779649838	0.00513233771947339	Stox1/Il18/Plpp3/Fzd1/Pdgfc/Igf1/Flt3/Yes1/Ighm/Vegfc/Prlr/Maged1/Lrrn3/Fgfr1/Aif1/Arhgef5/Gas6	17
GO:0002053	positive regulation of mesenchymal cell proliferation	4/435	37/25615	0.108108108108108	6.36595215905561	7.07220698868031	4.29308843763697	0.00347849906920872	0.0354319779649838	0.00513233771947339	Arhgap5/Fgfr2/Pdgfa/Fgfr1	4
GO:0060416	response to growth hormone	4/435	37/25615	0.108108108108108	6.36595215905561	7.07220698868031	4.29308843763697	0.00347849906920872	0.0354319779649838	0.00513233771947339	Igf1/Gdf15/Socs2/Igfbp5	4
GO:0002703	regulation of leukocyte mediated immunity	13/435	320/25615	0.040625	2.39220545977012	2.49586272905507	3.29394579420586	0.00347894291417846	0.0354319779649838	0.00513233771947339	Il18/Tlr3/Ighg1/Il1r1/Serpinb9/Ighg2b/Calhm6/Nectin4/Ighm/Rsad2/Cadm1/Havcr2/Hmox1	13
GO:0048638	regulation of developmental growth	15/435	398/25615	0.0376884422110553	2.21928608560042	2.31229019022753	3.22222536981919	0.00358173583607597	0.0363828955980349	0.00527007856027667	Tcf7l2/Dll1/Lgmn/Sema6d/Igf1/Fgfr2/Jup/Flt3/Apoe/Gdf15/Socs2/Fgfr1/Rtn4/Adrb1/Lrp1	15
GO:0006813	potassium ion transport	11/435	248/25615	0.0443548387096774	2.61183722654802	2.73040562057161	3.3524934347931	0.00361981705755537	0.0366732121841568	0.00531213104650859	Kcna2/Fxyd1/Kcnb1/Prnp/Kcnj9/Slc12a2/Kcnh2/Kcnh4/Nos1/Slc1a3/Ank2	11
GO:0006873	intracellular monoatomic ion homeostasis	17/435	479/25615	0.035490605427975	2.08986634031627	2.1759253505665	3.16481538384155	0.00368102482867058	0.0371956959127446	0.00538781304627425	Cp/Fxyd1/Ckb/Slc40a1/Ppt1/Dmpk/Prnp/Slc12a2/Apoe/Slc39a12/Slco2b1/Slc1a3/Trpv4/Ank2/Tgm2/Hmox1/Ccl8	17
GO:0048640	negative regulation of developmental growth	7/435	116/25615	0.0603448275862069	3.55340864050733	3.76183229014833	3.62279043128418	0.00370720628616557	0.0373624445550891	0.00541196666105751	Tcf7l2/Lgmn/Sema6d/Gdf15/Socs2/Rtn4/Adrb1	7
GO:0001773	myeloid dendritic cell activation	4/435	38/25615	0.105263157894737	6.19842710223835	6.86392793776443	4.21496937001973	0.00383636916665634	0.0383007557996089	0.00554788146089212	Ubd/Batf2/Batf3/Havcr2	4
GO:0035909	aorta morphogenesis	4/435	38/25615	0.105263157894737	6.19842710223835	6.86392793776443	4.21496937001973	0.00383636916665634	0.0383007557996089	0.00554788146089212	Col3a1/Eya1/Efemp2/Lrp1	4
GO:0045906	negative regulation of vasoconstriction	3/435	19/25615	0.157894736842105	9.29764065335753	10.921875	4.75555096978497	0.00384992053115239	0.0383007557996089	0.00554788146089212	Adm/Itga9/Nos1	3
GO:0060099	regulation of phagocytosis, engulfment	3/435	19/25615	0.157894736842105	9.29764065335753	10.921875	4.75555096978497	0.00384992053115239	0.0383007557996089	0.00554788146089212	Pparg/Cd36/Appl2	3
GO:2001212	regulation of vasculogenesis	3/435	19/25615	0.157894736842105	9.29764065335753	10.921875	4.75555096978497	0.00384992053115239	0.0383007557996089	0.00554788146089212	Adm/Elmo3/Rtn4	3
GO:0071675	regulation of mononuclear cell migration	8/435	148/25615	0.0540540540540541	3.1829760795278	3.35095349615256	3.50063159808444	0.00387813721289296	0.0384709084328429	0.00557252814526514	Cxcl14/Lgmn/Cd200/Spns2/Aif1/Rtn4/Trpv4/Gas6	8
GO:0016525	negative regulation of angiogenesis	7/435	117/25615	0.0598290598290598	3.5230376264859	3.72748513169074	3.5951669936197	0.00388695706963957	0.0384709084328429	0.00557252814526514	Pparg/Slc12a2/Sparc/Col4a2/Ptprm/Stard13/Cd36	7
GO:0042063	gliogenesis	15/435	402/25615	0.0373134328358209	2.19720363698748	2.28802141011443	3.17997906107093	0.00392678296209889	0.0387185751521115	0.00560840277937156	Nab2/Tcf7l2/Adam22/Dll1/Col3a1/Pparg/Plpp3/Igf1/Tppp/Ndn/Hdac11/C1qa/Etv5/Rtn4/Lrp1	15
GO:0070661	leukocyte proliferation	14/435	363/25615	0.0385674931129477	2.27104904847852	2.36599990471588	3.20570238437278	0.00393204182891909	0.0387185751521115	0.00560840277937156	Mzb1/Il18/Vcam1/Igf1/Itgad/Prdm1/Prnp/Flt3/Ighm/Prlr/Aif1/Cd74/H2-Aa/Havcr2	14
GO:1903522	regulation of blood circulation	12/435	288/25615	0.0416666666666667	2.45354406130268	2.55976976050982	3.26052877982211	0.00401404060750221	0.0391727471572254	0.00567418979570122	Adm/Fxyd1/Pde4b/Jup/Dmpk/Kcnh2/Itga9/Cacna1h/Snta1/Nos1/Ank2/Adrb1	12
GO:1903706	regulation of hemopoiesis	16/435	443/25615	0.036117381489842	2.12677408474093	2.21363455981399	3.1443821312683	0.00403450949982247	0.0391727471572254	0.00567418979570122	Dll1/Il18/Cd83/Prdm1/Flt3/Axl/Gpr171/Glul/Tmem176b/Gpr137b/C1qc/Cd74/H2-Aa/Tmem176a/Stac2/Gas6	16
GO:0001974	blood vessel remodeling	5/435	62/25615	0.0806451612903226	4.74879495736003	5.125050999592	3.88438306939134	0.00403803223235236	0.0391727471572254	0.00567418979570122	Il18/Igf1/Axl/Lrp1/Tgm2	5
GO:0042987	amyloid precursor protein catabolic process	5/435	62/25615	0.0806451612903226	4.74879495736003	5.125050999592	3.88438306939134	0.00403803223235236	0.0391727471572254	0.00567418979570122	Igf1/Abcg1/Prnp/Apoe/Rtn4	5
GO:0043536	positive regulation of blood vessel endothelial cell migration	5/435	62/25615	0.0806451612903226	4.74879495736003	5.125050999592	3.88438306939134	0.00403803223235236	0.0391727471572254	0.00567418979570122	Igf1/Srpx2/Vegfc/Fgfr1/Hmox1	5
GO:0010811	positive regulation of cell-substrate adhesion	8/435	149/25615	0.0536912751677852	3.1616138239605	3.3270549936054	3.47813427481629	0.00403905527683308	0.0391727471572254	0.00567418979570122	Fmn1/Plpp3/Jup/Abi3bp/Vegfc/Cd36/Egfl6/Efemp2	8
GO:0008037	cell recognition	9/435	182/25615	0.0494505494505494	2.9118984463812	3.05385492143613	3.40217921365973	0.00405944932770318	0.039271865676527	0.0056885471571732	Ighg1/Cd2ap/Ndn/Ighg2b/C1ra/Cd36/Cadm1/Rtn4/Havcr2	9
GO:1903707	negative regulation of hemopoiesis	7/435	118/25615	0.0593220338983051	3.49318137541399	3.6937568409531	3.56784356247619	0.00407324378796832	0.0393068025538943	0.00569360777935156	Flt3/Tmem176b/Gpr137b/C1qc/Cd74/Tmem176a/Stac2	7
GO:0051224	negative regulation of protein transport	8/435	150/25615	0.0533333333333333	3.14053639846743	3.30349308968565	3.45582605456649	0.00420507472586553	0.0402046777470865	0.00582366539922121	Kcnb1/Cd200/Apoe/Rsad2/Cd36/Nr1h3/Nos1/Derl3	8
GO:0032689	negative regulation of type II interferon production	4/435	39/25615	0.102564102564103	6.03949307397583	6.6675505469009	4.139599375275	0.004218366447557	0.0402046777470865	0.00582366539922121	Prnp/Axl/Havcr2/Gas6	4
GO:0098703	calcium ion import across plasma membrane	4/435	39/25615	0.102564102564103	6.03949307397583	6.6675505469009	4.139599375275	0.004218366447557	0.0402046777470865	0.00582366539922121	Prnp/Trpv4/Adrb1/Cacna1s	4
GO:0141087	positive regulation of inflammasome-mediated signaling pathway	4/435	39/25615	0.102564102564103	6.03949307397583	6.6675505469009	4.139599375275	0.004218366447557	0.0402046777470865	0.00582366539922121	Atat1/Cd36/Gbp2/Gm12250	4
GO:1902656	calcium ion import into cytosol	4/435	39/25615	0.102564102564103	6.03949307397583	6.6675505469009	4.139599375275	0.004218366447557	0.0402046777470865	0.00582366539922121	Prnp/Trpv4/Adrb1/Cacna1s	4
GO:0032760	positive regulation of tumor necrosis factor production	7/435	119/25615	0.0588235294117647	3.46382691007437	3.6606308411215	3.54081403434185	0.00426621556809739	0.0403617453256272	0.00584641670761973	Il18/Tlr3/Lpl/Oas1b/Zbtb20/Cd36/Havcr2	7
GO:0097061	dendritic spine organization	7/435	119/25615	0.0588235294117647	3.46382691007437	3.6606308411215	3.54081403434185	0.00426621556809739	0.0403617453256272	0.00584641670761973	Lgmn/Marcks/Mapre3/Abi3bp/Prnp/Apoe/Dnm3	7
GO:2000181	negative regulation of blood vessel morphogenesis	7/435	119/25615	0.0588235294117647	3.46382691007437	3.6606308411215	3.54081403434185	0.00426621556809739	0.0403617453256272	0.00584641670761973	Pparg/Slc12a2/Sparc/Col4a2/Ptprm/Stard13/Cd36	7
GO:0060562	epithelial tube morphogenesis	15/435	406/25615	0.0369458128078818	2.17555631051469	2.26424917793204	3.13822525447285	0.00429855033811774	0.0405682256849254	0.00587632547922157	Dll1/Stox1/Adm/Fmn1/Shroom3/Igf1/Fgfr2/Tnc/Slc12a2/Eya1/Slc39a12/Mical2/Stard13/Etv5/Maged1	15
GO:0007266	Rho protein signal transduction	8/435	151/25615	0.0529801324503311	3.11973814417295	3.28026072288367	3.43370391729946	0.00437630089663635	0.0412012718561373	0.00596802249782692	Col3a1/Arhgap5/Abca1/Apoe/Stard13/Dock6/Adrb1/Arhgef5	8
GO:0030301	cholesterol transport	7/435	120/25615	0.0583333333333333	3.43496168582376	3.62809114217186	3.51407248141036	0.00446602222648307	0.0417278266675335	0.00604429419574256	Pparg/Abca1/Abcg1/Apoe/Cd36/Nr1h3/Lrp1	7
GO:0098883	synapse pruning	3/435	20/25615	0.15	8.83275862068965	10.2790032679739	4.60582722246097	0.00447279302246255	0.0417278266675335	0.00604429419574256	C1qb/C1qc/C1qa	3
GO:1905153	regulation of membrane invagination	3/435	20/25615	0.15	8.83275862068965	10.2790032679739	4.60582722246097	0.00447279302246255	0.0417278266675335	0.00604429419574256	Pparg/Cd36/Appl2	3
GO:0048588	developmental cell growth	12/435	292/25615	0.0410958904109589	2.4199338686821	2.52279635258359	3.20743182921486	0.00447547156485981	0.0417278266675335	0.00604429419574256	Plxna1/C9orf72/Sema6d/Igf1/Cd2ap/Ndn/Jup/Apoe/Slc39a12/Rtn4/Adrb1/Lrp1	12
GO:0043085	positive regulation of catalytic activity	16/435	449/25615	0.0356347438752784	2.09835394106955	2.18243150137521	3.08612743417694	0.00458381193830383	0.0425772408983123	0.00616733222371808	Stox1/Chp2/Pdgfc/Igf1/Fgfr2/Adcy4/Cdc14b/Vipr2/Vegfc/Prlr/Lhcgr/Maged1/Fgfr1/Adrb1/Arhgef5/Gas6	16
GO:0060047	heart contraction	11/435	256/25615	0.04296875	2.53021731321839	2.64040238737004	3.23416743862434	0.00458863528852278	0.0425772408983123	0.00616733222371808	Adm/Fxyd1/Pde4b/Jup/Dmpk/Kcnh2/Cacna1h/Snta1/Nos1/Ank2/Adrb1	11
GO:0014046	dopamine secretion	4/435	40/25615	0.1	5.88850574712644	6.48208301108533	4.06680896962754	0.00462522307475704	0.0427436271981099	0.00619143335302275	Kcna2/Entpd1/Rtn4/Tgm2	4
GO:0034113	heterotypic cell-cell adhesion	5/435	64/25615	0.078125	4.60039511494253	4.95092629089476	3.79045781799441	0.00462871403337045	0.0427436271981099	0.00619143335302275	Gcnt2/Vcam1/Cd200/Itgad/Jup	5
GO:1903557	positive regulation of tumor necrosis factor superfamily cytokine production	7/435	121/25615	0.0578512396694215	3.40657357271777	3.59612231513363	3.48761314508858	0.0046728142086366	0.0430478826857692	0.00623550489532315	Il18/Tlr3/Lpl/Oas1b/Zbtb20/Cd36/Havcr2	7
GO:0015833	peptide transport	14/435	371/25615	0.0377358490566038	2.22207764042507	2.31223510781985	3.11646415014132	0.00475387482971982	0.043690373435044	0.00632856996524882	Slc16a2/Tcf7l2/Bglap2/Pparg/Kcnb1/Abca1/Stxbp4/Abcg1/Slc15a2/Glul/Cd74/Nos1/Trpv4/Lrp1	14
GO:0009755	hormone-mediated signaling pathway	10/435	223/25615	0.0448430493273543	2.640585536828	2.75802264567799	3.234136334394	0.00502051930634966	0.0459222855983642	0.0066518634317801	Tcf7l2/Cyp7b1/Pparg/Igf1/Mn1/Zfp366/Prlr/Lhcgr/Nr1h3/Appl2	10
GO:0048639	positive regulation of developmental growth	10/435	223/25615	0.0448430493273543	2.640585536828	2.75802264567799	3.234136334394	0.00502051930634966	0.0459222855983642	0.0066518634317801	Dll1/Igf1/Fgfr2/Jup/Flt3/Apoe/Fgfr1/Rtn4/Adrb1/Lrp1	10
GO:0071604	transforming growth factor beta production	4/435	41/25615	0.0975609756097561	5.74488365573311	6.30664074747601	3.99644310120515	0.00505765563545312	0.0460437517755874	0.0066694578614114	Col3a1/Cd200/Cd2ap/Lum	4
GO:0097242	amyloid-beta clearance	4/435	41/25615	0.0975609756097561	5.74488365573311	6.30664074747601	3.99644310120515	0.00505765563545312	0.0460437517755874	0.0066694578614114	Apoe/Marco/Cd36/Lrp1	4
GO:0002752	cell surface pattern recognition receptor signaling pathway	6/435	93/25615	0.0645161290322581	3.79903596588802	4.03392010288562	3.55425079485149	0.00510285015049615	0.0463458860727415	0.00671322214832655	Oas1b/Tnip3/Cd36/Nr1h3/Fcna/Appl2	6
GO:0050671	positive regulation of lymphocyte proliferation	8/435	155/25615	0.0516129032258065	3.03922877271042	3.19049212190731	3.34701815316045	0.0051154001849002	0.0463508091871239	0.00671393526362784	Il18/Vcam1/Igf1/Ighm/Prlr/Aif1/Cd74/Havcr2	8
GO:0061081	positive regulation of myeloid leukocyte cytokine production involved in immune response	3/435	21/25615	0.142857142857143	8.41215106732348	9.70756172839506	4.46622188019096	0.00515319242767786	0.0465838940769006	0.00674769771326648	Cd36/Cd74/Rtn4	3
GO:0010001	glial cell differentiation	12/435	298/25615	0.0402684563758389	2.37121036797038	2.46927540544562	3.12940352766015	0.0052463132191948	0.047314880902084	0.00685358147902843	Nab2/Tcf7l2/Adam22/Dll1/Pparg/Plpp3/Igf1/Tppp/Hdac11/C1qa/Rtn4/Lrp1	12
GO:0000045	autophagosome assembly	8/435	156/25615	0.0512820512820513	3.01974653698792	3.16880815241471	3.32578345908076	0.00531426023237018	0.0477047546440672	0.0069100548634325	Tgtp2/Iigp1c/C9orf72/Tgtp1/F830016B08Rik/Iigp1/Gm12250/Gm12185	8
GO:0050680	negative regulation of epithelial cell proliferation	8/435	156/25615	0.0512820512820513	3.01974653698792	3.16880815241471	3.32578345908076	0.00531426023237018	0.0477047546440672	0.0069100548634325	Pparg/Fgfr2/Apoe/Sparc/Cdkn1c/Ptprm/Eaf2/Maged1	8
GO:0015918	sterol transport	7/435	124/25615	0.0564516129032258	3.32415647015202	3.50349468807413	3.40987325975177	0.00533661470829132	0.0477082017762544	0.00691055418205833	Pparg/Abca1/Abcg1/Apoe/Cd36/Nr1h3/Lrp1	7
GO:0007179	transforming growth factor beta receptor signaling pathway	10/435	225/25615	0.0444444444444444	2.61711366538953	2.73214774281806	3.20225508479643	0.00533936351485541	0.0477082017762544	0.00691055418205833	Gcnt2/Col3a1/Pparg/Gdf15/Cdkn1c/Hpgd/Htra3/Lrp1/Itgb5/Appl2	10
GO:0022409	positive regulation of cell-cell adhesion	13/435	338/25615	0.0384615384615385	2.26480990274094	2.35592417061611	3.07663737337267	0.00547680467008318	0.0488232471744136	0.00707206900241506	Gcnt2/Myo10/Il18/Vcam1/Plpp3/Igf1/Cd83/H2-Eb1/Aif1/Cd74/H2-Aa/H2-Ab1/Havcr2	13
GO:0032946	positive regulation of mononuclear cell proliferation	8/435	157/25615	0.0509554140127389	3.0005124826122	3.1474152429153	3.30471809861444	0.00551897071291119	0.0490857763867216	0.00711009647522857	Il18/Vcam1/Igf1/Ighm/Prlr/Aif1/Cd74/Havcr2	8
GO:0001704	formation of primary germ layer	7/435	125/25615	0.056	3.2975632183908	3.47366545224141	3.38448837687738	0.00557286288478728	0.0493377310442177	0.00714659221908859	Mmp15/Col11a1/Col4a2/Eya1/Dusp4/Fgfr1/Col12a1	7
GO:0048144	fibroblast proliferation	7/435	125/25615	0.056	3.2975632183908	3.47366545224141	3.38448837687738	0.00557286288478728	0.0493377310442177	0.00714659221908859	Col3a1/Pparg/Pdgfc/Igf1/Pdgfa/Cd74/Gas6	7
GO:0006693	prostaglandin metabolic process	5/435	67/25615	0.0746268656716418	4.39440727397495	4.71080270067517	3.65660766430846	0.00562620364244481	0.0496959864069496	0.00719848566723788	Akr1b7/Hpgds/Hpgd/Cd74/Prxl2b	5
GO:0010827	regulation of D-glucose transmembrane transport	6/435	95/25615	0.0631578947368421	3.71905626134301	3.94295592048401	3.48975653895739	0.00565682185878911	0.0498523570203789	0.00722113601993096	Ocln/Igf1/Stxbp4/Yes1/Ptprm/Appl2	6
