statistic	source	condition	score	p_value
viper	Ahr	MHCpos_1	3.39247488261146	0.000692642820059814
viper	Ahr	MHCpos_2	2.5810758394761	0.0098492941975393
viper	Ahr	MHCpos_3	2.71882627995594	0.00655140059640397
viper	Ahr	MHCpos_4	2.76211667173418	0.00574279527958273
viper	Ahr	MHCneg_1	3.02530147734383	0.00248385405802497
viper	Ahr	MHCneg_2	2.99014051653084	0.00278849137779344
viper	Ahr	MHCneg_3	3.2250505926446	0.00125950408808238
viper	Ahr	MHCneg_4	3.20854051474812	0.00133410511329107
viper	Ar	MHCpos_1	10.8754682936798	1.50879010914942e-27
viper	Ar	MHCpos_2	10.8782887821811	1.46283285192489e-27
viper	Ar	MHCpos_3	11.0825106007829	1.52534401293713e-28
viper	Ar	MHCpos_4	11.1990014501527	4.1235508224329e-29
viper	Ar	MHCneg_1	10.5682923910719	4.18036863606269e-26
viper	Ar	MHCneg_2	10.7958782921164	3.60003815321574e-27
viper	Ar	MHCneg_3	11.1846801930422	4.84649530997905e-29
viper	Ar	MHCneg_4	11.3591080568579	6.68233958127762e-30
viper	Arid2	MHCpos_1	7.59809789459189	3.0051497247666e-14
viper	Arid2	MHCpos_2	7.60331941936804	2.88629905151412e-14
viper	Arid2	MHCpos_3	7.53311313772986	4.95446474473605e-14
viper	Arid2	MHCpos_4	7.78371771218841	7.04237995920508e-15
viper	Arid2	MHCneg_1	7.64644988226057	2.06603933427404e-14
viper	Arid2	MHCneg_2	7.45102111708614	9.2620534386186e-14
viper	Arid2	MHCneg_3	7.59972198878506	2.9676759902232e-14
viper	Arid2	MHCneg_4	7.60261728186283	2.90200769699132e-14
viper	Arnt	MHCpos_1	3.39120282071135	0.000695865838628465
viper	Arnt	MHCpos_2	3.24770354671979	0.00116340416826323
viper	Arnt	MHCpos_3	3.40050948609881	0.000672604021212028
viper	Arnt	MHCpos_4	3.07785027451723	0.00208499643526224
viper	Arnt	MHCneg_1	2.92791756893959	0.00341240501760885
viper	Arnt	MHCneg_2	3.23997852924438	0.00119538700314513
viper	Arnt	MHCneg_3	3.26382836944547	0.00109917728863915
viper	Arnt	MHCneg_4	3.20867580116344	0.0013334775936922
viper	Arntl	MHCpos_1	2.92246133632817	0.00347276734470333
viper	Arntl	MHCpos_2	2.92522036744107	0.00344212376316035
viper	Arntl	MHCpos_3	2.82838647356699	0.00467832908200072
viper	Arntl	MHCpos_4	2.60077061700433	0.00930146247364543
viper	Arntl	MHCneg_1	3.17638241277159	0.00149124230680415
viper	Arntl	MHCneg_2	2.9903109108869	0.00278693618543733
viper	Arntl	MHCneg_3	2.72150820567604	0.0064984771734668
viper	Arntl	MHCneg_4	2.89549987852342	0.00378555176316489
viper	Ascl1	MHCpos_1	2.67029221435878	0.00757852610404582
viper	Ascl1	MHCpos_2	2.71604494285183	0.00660669488472863
viper	Ascl1	MHCpos_3	3.56545744952197	0.000363222091079254
viper	Ascl1	MHCpos_4	3.28937221947137	0.00100411137884627
viper	Ascl1	MHCneg_1	2.82984839260543	0.00465700660429849
viper	Ascl1	MHCneg_2	3.0720540783101	0.00212591206743481
viper	Ascl1	MHCneg_3	3.83231034632828	0.00012694545552089
viper	Ascl1	MHCneg_4	3.23573704556446	0.0012132909761187
viper	Atf1	MHCpos_1	3.56197125778283	0.000368080688512111
viper	Atf1	MHCpos_2	3.52782832954176	0.00041898378952676
viper	Atf1	MHCpos_3	3.04590439451845	0.00231981586307921
viper	Atf1	MHCpos_4	2.62879602510614	0.00856877403764388
viper	Atf1	MHCneg_1	2.7601878504054	0.00577681339382672
viper	Atf1	MHCneg_2	2.70664549290302	0.00679667929798796
viper	Atf1	MHCneg_3	3.43099652162919	0.000601368311805131
viper	Atf1	MHCneg_4	3.34215659860834	0.000831301464902245
viper	Atf2	MHCpos_1	1.12020812024595	0.262625084415189
viper	Atf2	MHCpos_2	0.535857931115924	0.592056741075134
viper	Atf2	MHCpos_3	0.527494871769674	0.597849976725058
viper	Atf2	MHCpos_4	0.723244204781861	0.469529865045093
viper	Atf2	MHCneg_1	0.619193256914226	0.535789053502513
viper	Atf2	MHCneg_2	0.467071288483242	0.640448875182029
viper	Atf2	MHCneg_3	0.782525827375907	0.433905612920989
viper	Atf2	MHCneg_4	0.434928856400498	0.663614068234178
viper	Atf3	MHCpos_1	-8.10228921558076	5.39345376329266e-16
viper	Atf3	MHCpos_2	-7.98108019428943	1.45058178994165e-15
viper	Atf3	MHCpos_3	-8.57346471402093	1.00417308106371e-17
viper	Atf3	MHCpos_4	-8.16333721807714	3.25893038677499e-16
viper	Atf3	MHCneg_1	-8.26218390952975	1.4303110509704e-16
viper	Atf3	MHCneg_2	-8.11901894346163	4.69967165528607e-16
viper	Atf3	MHCneg_3	-8.85535755054843	8.34159862817931e-19
viper	Atf3	MHCneg_4	-8.5541327693192	1.18758157063321e-17
viper	Atf4	MHCpos_1	2.5474000189774	0.0108528947373738
viper	Atf4	MHCpos_2	2.04176165345774	0.0411751797352911
viper	Atf4	MHCpos_3	2.32857091763596	0.0198818082315174
viper	Atf4	MHCpos_4	2.08283696967214	0.0372660864893974
viper	Atf4	MHCneg_1	2.29905749334885	0.0215016747961455
viper	Atf4	MHCneg_2	2.17851432402607	0.0293677669927449
viper	Atf4	MHCneg_3	2.8508241494927	0.00436060783052369
viper	Atf4	MHCneg_4	2.84345642627221	0.0044627111077472
viper	Atf6	MHCpos_1	6.73250589094473	1.66765633307246e-11
viper	Atf6	MHCpos_2	6.97396765054183	3.08124963225652e-12
viper	Atf6	MHCpos_3	6.74973919119824	1.48111150558158e-11
viper	Atf6	MHCpos_4	7.31278554020265	2.6166045980284e-13
viper	Atf6	MHCneg_1	6.86486460754648	6.65543448514928e-12
viper	Atf6	MHCneg_2	7.09868271647775	1.25951590404262e-12
viper	Atf6	MHCneg_3	7.01327453214552	2.32804001794893e-12
viper	Atf6	MHCneg_4	7.59461264629334	3.08714496836475e-14
viper	Atf7	MHCpos_1	6.04750738503962	1.47103926380904e-09
viper	Atf7	MHCpos_2	6.01950883944452	1.74947103751475e-09
viper	Atf7	MHCpos_3	6.15232701599438	7.63542337488064e-10
viper	Atf7	MHCpos_4	6.30612643904232	2.86105338661149e-10
viper	Atf7	MHCneg_1	5.80465254141935	6.44996167453632e-09
viper	Atf7	MHCneg_2	5.63219822732126	1.77927003362711e-08
viper	Atf7	MHCneg_3	5.93428533114114	2.95128193199712e-09
viper	Atf7	MHCneg_4	5.74679966489651	9.09483775886498e-09
viper	Bach1	MHCpos_1	6.74133447110158	1.56938461673078e-11
viper	Bach1	MHCpos_2	6.59280948663154	4.31580255885149e-11
viper	Bach1	MHCpos_3	6.65099997997466	2.91108322472955e-11
viper	Bach1	MHCpos_4	6.58209438585032	4.63866940591108e-11
viper	Bach1	MHCneg_1	7.14203277874842	9.19606606067003e-13
viper	Bach1	MHCneg_2	6.92802113342046	4.2676800378495e-12
viper	Bach1	MHCneg_3	7.52176119399179	5.40432304540987e-14
viper	Bach1	MHCneg_4	7.25978930409643	3.8769374184383e-13
viper	Bach2	MHCpos_1	8.44768386517086	2.97138676678542e-17
viper	Bach2	MHCpos_2	8.33126066036918	7.9986004385127e-17
viper	Bach2	MHCpos_3	8.58587810468603	9.0145209746416e-18
viper	Bach2	MHCpos_4	8.31837709993718	8.91759020466792e-17
viper	Bach2	MHCneg_1	8.31371122888836	9.27546969722783e-17
viper	Bach2	MHCneg_2	8.36130554498493	6.20279689430208e-17
viper	Bach2	MHCneg_3	9.11339891016552	7.98406066618581e-20
viper	Bach2	MHCneg_4	8.76993690859213	1.787664257754e-18
viper	Batf	MHCpos_1	9.16993068341372	4.73323298432709e-20
viper	Batf	MHCpos_2	8.83456249500368	1.00490770196824e-18
viper	Batf	MHCpos_3	9.61182493549747	7.12743656277193e-22
viper	Batf	MHCpos_4	8.65395938886137	4.97429157348247e-18
viper	Batf	MHCneg_1	8.48154946600613	2.2221455405676e-17
viper	Batf	MHCneg_2	8.44371276993428	3.07414031019211e-17
viper	Batf	MHCneg_3	9.4025770878542	5.32427219258268e-21
viper	Batf	MHCneg_4	8.73074247393585	2.53006167819058e-18
viper	Bcl11a	MHCpos_1	7.1276596309381	1.02089844558321e-12
viper	Bcl11a	MHCpos_2	7.13089123805348	9.97210959234465e-13
viper	Bcl11a	MHCpos_3	5.77189609353254	7.83844487162984e-09
viper	Bcl11a	MHCpos_4	6.94665390967075	3.74051817823189e-12
viper	Bcl11a	MHCneg_1	6.75731886650454	1.40568606341295e-11
viper	Bcl11a	MHCneg_2	6.96301390986559	3.33068919548832e-12
viper	Bcl11a	MHCneg_3	5.52697095745914	3.25806869502583e-08
viper	Bcl11a	MHCneg_4	7.43745375431404	1.02644499108169e-13
viper	Bcl6	MHCpos_1	-8.19046673586518	2.60215084053358e-16
viper	Bcl6	MHCpos_2	-8.31235416012617	9.38219211275872e-17
viper	Bcl6	MHCpos_3	-8.458858867861	2.7000657184961e-17
viper	Bcl6	MHCpos_4	-8.11501847998432	4.85710894882194e-16
viper	Bcl6	MHCneg_1	-7.44101229688168	9.99166443395295e-14
viper	Bcl6	MHCneg_2	-8.06655194837112	7.23113218331434e-16
viper	Bcl6	MHCneg_3	-8.57339328453567	1.00479637834614e-17
viper	Bcl6	MHCneg_4	-8.40074495181676	4.43655055066073e-17
viper	Bhlhe22	MHCpos_1	-4.86541960913699	1.142142289762e-06
viper	Bhlhe22	MHCpos_2	-4.65525223719116	3.23584314726678e-06
viper	Bhlhe22	MHCpos_3	-4.95773130942505	7.13211049788048e-07
viper	Bhlhe22	MHCpos_4	-3.89578557158155	9.78809580104758e-05
viper	Bhlhe22	MHCneg_1	-4.73045813883544	2.24013717465977e-06
viper	Bhlhe22	MHCneg_2	-4.81202958527401	1.49405229780972e-06
viper	Bhlhe22	MHCneg_3	-5.03501242912706	4.77817829263353e-07
viper	Bhlhe22	MHCneg_4	-5.22281015981204	1.76228035071324e-07
viper	Bhlhe40	MHCpos_1	-9.0332803050494	1.66601238784256e-19
viper	Bhlhe40	MHCpos_2	-8.8574425834607	8.1870957063156e-19
viper	Bhlhe40	MHCpos_3	-9.30681989171146	1.31716984429711e-20
viper	Bhlhe40	MHCpos_4	-8.95496797512782	3.39834260391649e-19
viper	Bhlhe40	MHCneg_1	-8.78255110512376	1.59807920643872e-18
viper	Bhlhe40	MHCneg_2	-8.29070345371925	1.1258064573487e-16
viper	Bhlhe40	MHCneg_3	-9.20618896731969	3.37909303142531e-20
viper	Bhlhe40	MHCneg_4	-9.28085985448741	1.68116303677618e-20
viper	Cdx2	MHCpos_1	1.47901332286694	0.139136754101003
viper	Cdx2	MHCpos_2	0.306718971627934	0.759057288111459
viper	Cdx2	MHCpos_3	0.311820012891187	0.755177313750558
viper	Cdx2	MHCpos_4	0.682577159854444	0.494874070669993
viper	Cdx2	MHCneg_1	-0.210529188987817	0.833254672594732
viper	Cdx2	MHCneg_2	0.736960172281054	0.461146569927937
viper	Cdx2	MHCneg_3	0.750178465181627	0.453147226854317
viper	Cdx2	MHCneg_4	0.958880642261518	0.337618877694197
viper	Cebpa	MHCpos_1	7.79948681639741	6.21594329860259e-15
viper	Cebpa	MHCpos_2	7.27233611066317	3.5332312555966e-13
viper	Cebpa	MHCpos_3	8.25302296255357	1.54437364488474e-16
viper	Cebpa	MHCpos_4	7.93647172243812	2.08013765134057e-15
viper	Cebpa	MHCneg_1	7.58163321149599	3.41231832455082e-14
viper	Cebpa	MHCneg_2	7.50525706662756	6.13081687263267e-14
viper	Cebpa	MHCneg_3	8.99527297245362	2.35645890924871e-19
viper	Cebpa	MHCneg_4	8.81567812668277	1.18962798695561e-18
viper	Cebpb	MHCpos_1	2.64740426427376	0.0081112322733884
viper	Cebpb	MHCpos_2	2.30820143090716	0.0209879356297011
viper	Cebpb	MHCpos_3	2.12083863358704	0.0339353843092958
viper	Cebpb	MHCpos_4	2.02836745242894	0.042522759365929
viper	Cebpb	MHCneg_1	2.73592755092229	0.00622047196121641
viper	Cebpb	MHCneg_2	2.66591803107841	0.00767784105816449
viper	Cebpb	MHCneg_3	2.75683041368648	0.00583646126840771
viper	Cebpb	MHCneg_4	2.7527896046935	0.00590898575372921
viper	Cebpd	MHCpos_1	3.21706960633396	0.00129507174557157
viper	Cebpd	MHCpos_2	3.11005419031312	0.00187053023269222
viper	Cebpd	MHCpos_3	3.25232787109795	0.00114463901363952
viper	Cebpd	MHCpos_4	3.76276780076044	0.000168043210522883
viper	Cebpd	MHCneg_1	3.3765601297891	0.000733983268898235
viper	Cebpd	MHCneg_2	3.07351433671009	0.00211553522442555
viper	Cebpd	MHCneg_3	4.2262825403691	2.37583649784404e-05
viper	Cebpd	MHCneg_4	4.1068695356486	4.01057604375188e-05
viper	Cebpg	MHCpos_1	7.08646902819089	1.37576988174938e-12
viper	Cebpg	MHCpos_2	7.00736687281158	2.42844896312913e-12
viper	Cebpg	MHCpos_3	7.49570440507624	6.59432513801638e-14
viper	Cebpg	MHCpos_4	7.3541680731845	1.92119874229993e-13
viper	Cebpg	MHCneg_1	6.79359620762588	1.09372240935903e-11
viper	Cebpg	MHCneg_2	6.35118059659472	2.13668680788543e-10
viper	Cebpg	MHCneg_3	7.80838252236154	5.79265518580466e-15
viper	Cebpg	MHCneg_4	7.1953690616902	6.22920404748811e-13
viper	Clock	MHCpos_1	5.36054808661522	8.29698372421228e-08
viper	Clock	MHCpos_2	5.81662777538757	6.00466470725504e-09
viper	Clock	MHCpos_3	6.74104702820301	1.5724929523416e-11
viper	Clock	MHCpos_4	5.75753833418025	8.53493913614631e-09
viper	Clock	MHCneg_1	5.10562535577201	3.2970233462886e-07
viper	Clock	MHCneg_2	5.21174947120152	1.87068065195496e-07
viper	Clock	MHCneg_3	6.66323343888945	2.67867670967429e-11
viper	Clock	MHCneg_4	6.56279895911657	5.28070237592907e-11
viper	Creb1	MHCpos_1	2.58828656769565	0.00964547002592342
viper	Creb1	MHCpos_2	2.65029966827977	0.00804204047656363
viper	Creb1	MHCpos_3	3.23033618601655	0.001236447363417
viper	Creb1	MHCpos_4	2.24476484002191	0.0247832330384773
viper	Creb1	MHCneg_1	1.95084414221626	0.0510755890035131
viper	Creb1	MHCneg_2	2.08033219197917	0.0374950740311703
viper	Creb1	MHCneg_3	3.23472718429984	0.00121759011124698
viper	Creb1	MHCneg_4	2.77268786098867	0.00555954193656131
viper	Creb3	MHCpos_1	7.95458469254617	1.797333890122e-15
viper	Creb3	MHCpos_2	7.96184818516504	1.69488352800336e-15
viper	Creb3	MHCpos_3	7.8359217719904	4.65415586192048e-15
viper	Creb3	MHCpos_4	7.95939807538261	1.72878210932432e-15
viper	Creb3	MHCneg_1	7.94304101001595	1.97283681869617e-15
viper	Creb3	MHCneg_2	7.97575311979228	1.51454417395639e-15
viper	Creb3	MHCneg_3	7.97256534229344	1.55414016142311e-15
viper	Creb3	MHCneg_4	8.10521600369097	5.26518912041532e-16
viper	Creb3l1	MHCpos_1	5.70568257783489	1.15877770405088e-08
viper	Creb3l1	MHCpos_2	5.46625905258286	4.59632475722272e-08
viper	Creb3l1	MHCpos_3	5.51662968275822	3.45562518049835e-08
viper	Creb3l1	MHCpos_4	5.94625746157699	2.74342529544186e-09
viper	Creb3l1	MHCneg_1	5.39001762978678	7.04507720475543e-08
viper	Creb3l1	MHCneg_2	5.6345204268892	1.75546153816535e-08
viper	Creb3l1	MHCneg_3	5.58253929807236	2.37032027853346e-08
viper	Creb3l1	MHCneg_4	5.52002394988832	3.38953461711826e-08
viper	Crem	MHCpos_1	7.11149706297049	1.14790904747039e-12
viper	Crem	MHCpos_2	7.23305760894725	4.72238951953567e-13
viper	Crem	MHCpos_3	7.60999720303957	2.74101854345028e-14
viper	Crem	MHCpos_4	7.30715268238158	2.7286245382031e-13
viper	Crem	MHCneg_1	6.78627125877157	1.15068710057297e-11
viper	Crem	MHCneg_2	6.84186560360966	7.81684085878736e-12
viper	Crem	MHCneg_3	7.58945870457924	3.21244631272835e-14
viper	Crem	MHCneg_4	7.54670594876424	4.46404925751039e-14
viper	Ctcf	MHCpos_1	4.71873915101305	2.37310875852852e-06
viper	Ctcf	MHCpos_2	4.49343615605131	7.00830391050366e-06
viper	Ctcf	MHCpos_3	4.85820556119494	1.18454395829311e-06
viper	Ctcf	MHCpos_4	4.31298864629197	1.61062392419757e-05
viper	Ctcf	MHCneg_1	4.63016703137549	3.65370879056199e-06
viper	Ctcf	MHCneg_2	5.08579035941585	3.66098266817285e-07
viper	Ctcf	MHCneg_3	5.17188923922297	2.31738942000667e-07
viper	Ctcf	MHCneg_4	4.88064266182499	1.05740688556519e-06
viper	Ctcfl	MHCpos_1	6.36356299865082	1.97126484476475e-10
viper	Ctcfl	MHCpos_2	6.60903961442754	3.8682120931569e-11
viper	Ctcfl	MHCpos_3	6.32499664018165	2.53238092772506e-10
viper	Ctcfl	MHCpos_4	6.26144224442062	3.81433090340024e-10
viper	Ctcfl	MHCneg_1	5.67813815419873	1.3616871931571e-08
viper	Ctcfl	MHCneg_2	5.55275278222849	2.81205639439368e-08
viper	Ctcfl	MHCneg_3	5.82299545598027	5.78021275009771e-09
viper	Ctcfl	MHCneg_4	5.54426399886754	2.95193176671679e-08
viper	Cux1	MHCpos_1	7.24631336812449	4.28268613662863e-13
viper	Cux1	MHCpos_2	7.1462619630479	8.91728117751233e-13
viper	Cux1	MHCpos_3	6.57181705873529	4.97049103509675e-11
viper	Cux1	MHCpos_4	6.66355835356476	2.67275852500813e-11
viper	Cux1	MHCneg_1	6.86960038565813	6.43819988822025e-12
viper	Cux1	MHCneg_2	6.5956423103093	4.23418656419134e-11
viper	Cux1	MHCneg_3	7.00101558003681	2.54113680659527e-12
viper	Cux1	MHCneg_4	7.22033432933126	5.18599150213583e-13
viper	Duxbl1	MHCpos_1	5.87100064316861	4.33172590256215e-09
viper	Duxbl1	MHCpos_2	6.10298740797508	1.04104046771091e-09
viper	Duxbl1	MHCpos_3	6.0982056972162	1.07265662261846e-09
viper	Duxbl1	MHCpos_4	5.94660098085845	2.7376767182735e-09
viper	Duxbl1	MHCneg_1	5.63016626022189	1.80035989205362e-08
viper	Duxbl1	MHCneg_2	5.5876716101286	2.30134298899784e-08
viper	Duxbl1	MHCneg_3	6.83127396564868	8.41638233493301e-12
viper	Duxbl1	MHCneg_4	6.27125386796563	3.58152109535654e-10
viper	Duxbl2	MHCpos_1	5.87100064316861	4.33172590256215e-09
viper	Duxbl2	MHCpos_2	6.10298740797508	1.04104046771091e-09
viper	Duxbl2	MHCpos_3	6.0982056972162	1.07265662261846e-09
viper	Duxbl2	MHCpos_4	5.94660098085845	2.7376767182735e-09
viper	Duxbl2	MHCneg_1	5.63016626022189	1.80035989205362e-08
viper	Duxbl2	MHCneg_2	5.5876716101286	2.30134298899784e-08
viper	Duxbl2	MHCneg_3	6.83127396564868	8.41638233493301e-12
viper	Duxbl2	MHCneg_4	6.27125386796563	3.58152109535654e-10
viper	Duxbl3	MHCpos_1	5.87100064316861	4.33172590256215e-09
viper	Duxbl3	MHCpos_2	6.10298740797508	1.04104046771091e-09
viper	Duxbl3	MHCpos_3	6.0982056972162	1.07265662261846e-09
viper	Duxbl3	MHCpos_4	5.94660098085845	2.7376767182735e-09
viper	Duxbl3	MHCneg_1	5.63016626022189	1.80035989205362e-08
viper	Duxbl3	MHCneg_2	5.5876716101286	2.30134298899784e-08
viper	Duxbl3	MHCneg_3	6.83127396564868	8.41638233493301e-12
viper	Duxbl3	MHCneg_4	6.27125386796563	3.58152109535654e-10
viper	E2f1	MHCpos_1	13.5059711404836	1.44199619775524e-41
viper	E2f1	MHCpos_2	13.5411234528307	8.94109327961252e-42
viper	E2f1	MHCpos_3	13.9460132760743	3.32689276469368e-44
viper	E2f1	MHCpos_4	12.7400340158247	3.54240343022145e-37
viper	E2f1	MHCneg_1	13.2865650775517	2.77005341499264e-40
viper	E2f1	MHCneg_2	13.546085389083	8.35694469490333e-42
viper	E2f1	MHCneg_3	13.6716334877698	1.49989930359117e-42
viper	E2f1	MHCneg_4	13.8099478911791	2.21992110670523e-43
viper	E2f2	MHCpos_1	7.15341386042896	8.46459085406522e-13
viper	E2f2	MHCpos_2	7.32714495209669	2.35107493309042e-13
viper	E2f2	MHCpos_3	6.81566840955079	9.38264867146977e-12
viper	E2f2	MHCpos_4	7.18125056780186	6.90766181662196e-13
viper	E2f2	MHCneg_1	7.23098245817733	4.79512294050111e-13
viper	E2f2	MHCneg_2	7.34315311078455	2.08619637208716e-13
viper	E2f2	MHCneg_3	7.06776423047284	1.57449754746883e-12
viper	E2f2	MHCneg_4	7.04576839254986	1.84440823786796e-12
viper	E2f3	MHCpos_1	5.47178846863185	4.45516419428899e-08
viper	E2f3	MHCpos_2	5.58225005915664	2.3742667508212e-08
viper	E2f3	MHCpos_3	5.19509203412258	2.04618586843221e-07
viper	E2f3	MHCpos_4	5.51620882585411	3.46390636915415e-08
viper	E2f3	MHCneg_1	5.45470402007532	4.90544843672785e-08
viper	E2f3	MHCneg_2	5.61459486143619	1.97023319176625e-08
viper	E2f3	MHCneg_3	5.42770246603179	5.70840955470703e-08
viper	E2f3	MHCneg_4	5.38021629902696	7.43963959240815e-08
viper	E2f4	MHCpos_1	21.232742044469	4.76025001238058e-100
viper	E2f4	MHCpos_2	21.1668071819367	1.93211605498916e-99
viper	E2f4	MHCpos_3	20.575442402109	4.55554781480423e-94
viper	E2f4	MHCpos_4	21.117583278553	5.48290520850431e-99
viper	E2f4	MHCneg_1	20.921948514924	3.38017485343849e-97
viper	E2f4	MHCneg_2	20.6905947683499	4.20988317223471e-95
viper	E2f4	MHCneg_3	21.153471304431	2.5636506567333e-99
viper	E2f4	MHCneg_4	20.9073501406137	4.59028521945483e-97
viper	E2f5	MHCpos_1	5.67693682059094	1.37128090232527e-08
viper	E2f5	MHCpos_2	5.66878859126649	1.43810679714399e-08
viper	E2f5	MHCpos_3	5.49413987786001	3.92619214845316e-08
viper	E2f5	MHCpos_4	5.7396449976983	9.48752215583408e-09
viper	E2f5	MHCneg_1	5.79068775010839	7.00987901416979e-09
viper	E2f5	MHCneg_2	5.74876408120969	8.98981505385785e-09
viper	E2f5	MHCneg_3	5.50762906208241	3.63698753742261e-08
viper	E2f5	MHCneg_4	5.59665382134597	2.18528437870248e-08
viper	E2f6	MHCpos_1	-9.66572645065516	4.21617885727639e-22
viper	E2f6	MHCpos_2	-9.62399196924903	6.33247506367588e-22
viper	E2f6	MHCpos_3	-9.42534893510729	4.28677839814386e-21
viper	E2f6	MHCpos_4	-9.03508151026723	1.63880251220902e-19
viper	E2f6	MHCneg_1	-9.52349588569527	1.67449144872737e-21
viper	E2f6	MHCneg_2	-9.33352173348104	1.02410304919494e-20
viper	E2f6	MHCneg_3	-9.53443095622155	1.50709814751695e-21
viper	E2f6	MHCneg_4	-9.46371021355295	2.97206163424835e-21
viper	E2f7	MHCpos_1	7.71914241002842	1.17114995545021e-14
viper	E2f7	MHCpos_2	6.93993809181316	3.9227180755625e-12
viper	E2f7	MHCpos_3	7.219331456099	5.22437749453745e-13
viper	E2f7	MHCpos_4	7.15894182907069	8.13021738863854e-13
viper	E2f7	MHCneg_1	7.44128899548968	9.97075475352313e-14
viper	E2f7	MHCneg_2	7.0726692690144	1.51981419184471e-12
viper	E2f7	MHCneg_3	7.47340531592737	7.81456738079925e-14
viper	E2f7	MHCneg_4	7.14240929302585	9.17090355093287e-13
viper	Ebf1	MHCpos_1	8.75077802730414	2.11886788666074e-18
viper	Ebf1	MHCpos_2	8.70593646978152	3.14963239688492e-18
viper	Ebf1	MHCpos_3	9.92700800383538	3.17643822436353e-23
viper	Ebf1	MHCpos_4	9.50302582311064	2.03878322871413e-21
viper	Ebf1	MHCneg_1	8.34839404753261	6.91973802089958e-17
viper	Ebf1	MHCneg_2	8.40545235375967	4.26215566799223e-17
viper	Ebf1	MHCneg_3	10.114802073811	4.74976078098114e-24
viper	Ebf1	MHCneg_4	9.01205035315429	2.02239437541018e-19
viper	Egr1	MHCpos_1	5.9810098368707	2.21758480261394e-09
viper	Egr1	MHCpos_2	5.72175053192641	1.05432041976976e-08
viper	Egr1	MHCpos_3	5.78668529934746	7.17888889950176e-09
viper	Egr1	MHCpos_4	5.76528652608389	8.15192268867758e-09
viper	Egr1	MHCneg_1	4.95902323670213	7.08484935453027e-07
viper	Egr1	MHCneg_2	6.24285691599624	4.29649909023086e-10
viper	Egr1	MHCneg_3	6.95247163373543	3.5894102657075e-12
viper	Egr1	MHCneg_4	6.16953762623754	6.84899772565362e-10
viper	Ehf	MHCpos_1	3.19293724039314	0.00140833551626763
viper	Ehf	MHCpos_2	3.14251965905725	0.00167500464688888
viper	Ehf	MHCpos_3	2.85461778635643	0.00430886505081489
viper	Ehf	MHCpos_4	2.08763349220208	0.0368309084060967
viper	Ehf	MHCneg_1	3.04250649855393	0.00234616751354175
viper	Ehf	MHCneg_2	2.69661505541877	0.00700481941253661
viper	Ehf	MHCneg_3	2.61750141451218	0.00885761211791337
viper	Ehf	MHCneg_4	2.63913960981038	0.00831167441240323
viper	Elf1	MHCpos_1	10.5642149883674	4.36606249278509e-26
viper	Elf1	MHCpos_2	10.447959292601	1.49711904542736e-25
viper	Elf1	MHCpos_3	10.3962933465378	2.57765905305097e-25
viper	Elf1	MHCpos_4	10.6622746924956	1.5281344870954e-26
viper	Elf1	MHCneg_1	10.2557169370616	1.11545137604656e-24
viper	Elf1	MHCneg_2	10.4226218475321	1.9548854657385e-25
viper	Elf1	MHCneg_3	10.5946141647153	3.15639907770133e-26
viper	Elf1	MHCneg_4	10.4677974667868	1.21435570769658e-25
viper	Elf3	MHCpos_1	6.38440839343586	1.72061343732798e-10
viper	Elf3	MHCpos_2	6.25992414959079	3.85164765557256e-10
viper	Elf3	MHCpos_3	6.20518555851319	5.46324022887542e-10
viper	Elf3	MHCpos_4	5.78446070750183	7.2745323432983e-09
viper	Elf3	MHCneg_1	5.789528754092	7.05841733695563e-09
viper	Elf3	MHCneg_2	5.71839936341626	1.07532172572616e-08
viper	Elf3	MHCneg_3	6.31612192192235	2.68208480187079e-10
viper	Elf3	MHCneg_4	6.50182966447935	7.93489195949587e-11
viper	Elf5	MHCpos_1	5.9461646829705	2.74497990160036e-09
viper	Elf5	MHCpos_2	6.09226660007728	1.11323084252811e-09
viper	Elf5	MHCpos_3	6.17539320249461	6.59990073366919e-10
viper	Elf5	MHCpos_4	5.46958335118862	4.51094745625603e-08
viper	Elf5	MHCneg_1	5.83280251769716	5.45040629191604e-09
viper	Elf5	MHCneg_2	5.99675038517889	2.01305125951856e-09
viper	Elf5	MHCneg_3	6.02809234537907	1.65906252177566e-09
viper	Elf5	MHCneg_4	5.96587641792699	2.43324402497531e-09
viper	Elk1	MHCpos_1	5.64030897405438	1.6974529279953e-08
viper	Elk1	MHCpos_2	5.26667225422509	1.38918896495384e-07
viper	Elk1	MHCpos_3	5.53467512102406	3.11805759176582e-08
viper	Elk1	MHCpos_4	5.61809886000834	1.93070027137855e-08
viper	Elk1	MHCneg_1	5.17548940168698	2.2731433482003e-07
viper	Elk1	MHCneg_2	5.11025330351435	3.21727164216715e-07
viper	Elk1	MHCneg_3	6.35519233411916	2.08165995574128e-10
viper	Elk1	MHCneg_4	5.54958676925084	2.8634560753173e-08
viper	Elk4	MHCpos_1	5.68301041930762	1.32344202804543e-08
viper	Elk4	MHCpos_2	5.3058578638015	1.12144319364843e-07
viper	Elk4	MHCpos_3	5.39584076789183	6.82034135588965e-08
viper	Elk4	MHCpos_4	5.10421829989882	3.32164662832572e-07
viper	Elk4	MHCneg_1	5.49649646843657	3.87410849536541e-08
viper	Elk4	MHCneg_2	5.22150354737775	1.77476229228145e-07
viper	Elk4	MHCneg_3	5.72542340641317	1.03176088193738e-08
viper	Elk4	MHCneg_4	5.36440546874215	8.12162797699901e-08
viper	Eomes	MHCpos_1	2.63473550276611	0.00842028690397532
viper	Eomes	MHCpos_2	2.54689987412782	0.0108684612197176
viper	Eomes	MHCpos_3	3.6891276769264	0.000225024277611315
viper	Eomes	MHCpos_4	4.62613931770039	3.72544753661899e-06
viper	Eomes	MHCneg_1	2.82852829380138	0.00467625673171242
viper	Eomes	MHCneg_2	2.97236914697316	0.0029551114569306
viper	Eomes	MHCneg_3	4.43029393677494	9.41047315903589e-06
viper	Eomes	MHCneg_4	3.63761496484669	0.000275174377460287
viper	Epas1	MHCpos_1	2.25362336963509	0.024219871869712
viper	Epas1	MHCpos_2	2.24803232351566	0.0245741288688389
viper	Epas1	MHCpos_3	2.49258757479277	0.0126816053024545
viper	Epas1	MHCpos_4	2.03936231509513	0.041413880585821
viper	Epas1	MHCneg_1	2.69033240671588	0.00713808786091537
viper	Epas1	MHCneg_2	2.21683539194752	0.0266343420451278
viper	Epas1	MHCneg_3	2.02792811154956	0.0425675855557117
viper	Epas1	MHCneg_4	2.41876200557747	0.0155734256906875
viper	Erg	MHCpos_1	2.00619471538191	0.0448354774860246
viper	Erg	MHCpos_2	2.0038203819762	0.0450893046877686
viper	Erg	MHCpos_3	1.81563109151323	0.0694269809177322
viper	Erg	MHCpos_4	2.16646325053625	0.0302758051594269
viper	Erg	MHCneg_1	1.3290576260807	0.183828958737585
viper	Erg	MHCneg_2	1.63934030137207	0.101142407149244
viper	Erg	MHCneg_3	2.06065736460229	0.0393357398574341
viper	Erg	MHCneg_4	1.82392370656248	0.0681636071382272
viper	Esr1	MHCpos_1	6.72709723698703	1.73081084949826e-11
viper	Esr1	MHCpos_2	6.58245580706013	4.62740372560366e-11
viper	Esr1	MHCpos_3	7.18411172146664	6.76455335403403e-13
viper	Esr1	MHCpos_4	6.14045999733924	8.22828546739526e-10
viper	Esr1	MHCneg_1	5.56943320792323	2.55569335429316e-08
viper	Esr1	MHCneg_2	5.83797177832101	5.28401047901087e-09
viper	Esr1	MHCneg_3	7.05603871720768	1.71316110962547e-12
viper	Esr1	MHCneg_4	6.07220480101169	1.2616588302688e-09
viper	Esr2	MHCpos_1	3.9876417952089	6.67333199409959e-05
viper	Esr2	MHCpos_2	3.9047374331219	9.43277424321283e-05
viper	Esr2	MHCpos_3	3.43474417783034	0.00059311345731733
viper	Esr2	MHCpos_4	4.23704791076917	2.26477822992614e-05
viper	Esr2	MHCneg_1	3.1279735571426	0.00176016016168427
viper	Esr2	MHCneg_2	2.73577265849932	0.00622340049413343
viper	Esr2	MHCneg_3	4.35508486941262	1.33015372589794e-05
viper	Esr2	MHCneg_4	3.91847156814965	8.91122381881895e-05
viper	Esrra	MHCpos_1	8.17346606513464	2.99653673257799e-16
viper	Esrra	MHCpos_2	7.76259899930601	8.3206375016857e-15
viper	Esrra	MHCpos_3	8.0803768478357	6.45669327795218e-16
viper	Esrra	MHCpos_4	7.69993016013326	1.36140618377783e-14
viper	Esrra	MHCneg_1	7.51388010696143	5.74001562492766e-14
viper	Esrra	MHCneg_2	7.70015390181131	1.35902448664186e-14
viper	Esrra	MHCneg_3	7.95019026580453	1.86225279676246e-15
viper	Esrra	MHCneg_4	7.34050319455692	2.12792294017481e-13
viper	Ets1	MHCpos_1	10.624223995021	2.29916351004804e-26
viper	Ets1	MHCpos_2	10.0846767145152	6.45774066045068e-24
viper	Ets1	MHCpos_3	10.5923940048985	3.23218091824818e-26
viper	Ets1	MHCpos_4	9.94485245232488	2.65567280720146e-23
viper	Ets1	MHCneg_1	9.77967503883605	1.37651785825435e-22
viper	Ets1	MHCneg_2	9.8509647421704	6.78891569634831e-23
viper	Ets1	MHCneg_3	10.88438711735	1.36815821881248e-27
viper	Ets1	MHCneg_4	10.6531606898758	1.68543365014332e-26
viper	Ets2	MHCpos_1	3.28444623645638	0.00102182991892904
viper	Ets2	MHCpos_2	3.43215215197341	0.000598811504690703
viper	Ets2	MHCpos_3	3.19086266911654	0.00141848687368354
viper	Ets2	MHCpos_4	3.83297557348882	0.000126602528819143
viper	Ets2	MHCneg_1	3.23741518547523	0.00120617787333008
viper	Ets2	MHCneg_2	2.73897944614365	0.0061630226278903
viper	Ets2	MHCneg_3	3.4459695581198	0.00056901445502264
viper	Ets2	MHCneg_4	3.16758473169495	0.00153710910160707
viper	Etv1	MHCpos_1	6.20806834051504	5.36398254603499e-10
viper	Etv1	MHCpos_2	6.66080620644697	2.72329540534419e-11
viper	Etv1	MHCpos_3	6.14341497164745	8.07659153881365e-10
viper	Etv1	MHCpos_4	6.35673627227697	2.06085359434633e-10
viper	Etv1	MHCneg_1	6.33369186948754	2.39363314146657e-10
viper	Etv1	MHCneg_2	6.08998914906731	1.12918340916178e-09
viper	Etv1	MHCneg_3	6.46777966567923	9.9453365874513e-11
viper	Etv1	MHCneg_4	6.16344289682432	7.11800547220545e-10
viper	Etv4	MHCpos_1	1.19660916801784	0.231458925362515
viper	Etv4	MHCpos_2	1.38249804005867	0.166818831854081
viper	Etv4	MHCpos_3	-0.151525061665591	0.879561542727256
viper	Etv4	MHCpos_4	1.48177513154666	0.138400138226445
viper	Etv4	MHCneg_1	1.81670853907487	0.0692617535496625
viper	Etv4	MHCneg_2	1.95678891244983	0.05037229118294
viper	Etv4	MHCneg_3	0.978121844606376	0.328014064985353
viper	Etv4	MHCneg_4	-0.0614692969169207	0.950985465662864
viper	Fli1	MHCpos_1	5.7367540508672	9.65082440673223e-09
viper	Fli1	MHCpos_2	5.06394087853066	4.10677056844959e-07
viper	Fli1	MHCpos_3	4.90805082823396	9.1986017886248e-07
viper	Fli1	MHCpos_4	5.12137088320941	3.03322396250197e-07
viper	Fli1	MHCneg_1	4.78303822482818	1.72665274614091e-06
viper	Fli1	MHCneg_2	4.32135563481465	1.55073497859993e-05
viper	Fli1	MHCneg_3	4.5390926248114	5.6496816434146e-06
viper	Fli1	MHCneg_4	3.84938108487355	0.000118416654482276
viper	Fos	MHCpos_1	3.66870632336434	0.00024378091462895
viper	Fos	MHCpos_2	3.27124347126454	0.00107075682867144
viper	Fos	MHCpos_3	3.40457392013224	0.00066267362189669
viper	Fos	MHCpos_4	3.16348020950382	0.00155894950643023
viper	Fos	MHCneg_1	2.60399541030404	0.00921439907200423
viper	Fos	MHCneg_2	3.29445463918095	0.000986128592804133
viper	Fos	MHCneg_3	3.68886528243552	0.00022525644660108
viper	Fos	MHCneg_4	4.66174712419523	3.13536289571361e-06
viper	Fosl1	MHCpos_1	0.694263498625136	0.487516977448133
viper	Fosl1	MHCpos_2	0.77612697204586	0.437674019592287
viper	Fosl1	MHCpos_3	1.2046537441447	0.228336999788849
viper	Fosl1	MHCpos_4	1.49786047191938	0.134169505447529
viper	Fosl1	MHCneg_1	0.94007227832731	0.34718048730438
viper	Fosl1	MHCneg_2	0.888330929782195	0.374362766910047
viper	Fosl1	MHCneg_3	2.03716059822252	0.0416339509061841
viper	Fosl1	MHCneg_4	1.87006411646529	0.0614749147556604
viper	Fosl2	MHCpos_1	2.94142569973546	0.00326705208757546
viper	Fosl2	MHCpos_2	2.95263078321825	0.00315078570514063
viper	Fosl2	MHCpos_3	3.07983257091947	0.0020711699077106
viper	Fosl2	MHCpos_4	2.72103266165553	0.00650783311665206
viper	Fosl2	MHCneg_1	2.42641395583428	0.0152488657962468
viper	Fosl2	MHCneg_2	2.49032583314448	0.0127626030980726
viper	Fosl2	MHCneg_3	3.35216426702667	0.000801824277230382
viper	Fosl2	MHCneg_4	3.25494831193668	0.00113413004744096
viper	Foxa1	MHCpos_1	-0.157893627649894	0.874540619476749
viper	Foxa1	MHCpos_2	-0.102322296323591	0.91850085828187
viper	Foxa1	MHCpos_3	-0.0195669707975782	0.984388812271689
viper	Foxa1	MHCpos_4	-0.547856037504054	0.583790757318745
viper	Foxa1	MHCneg_1	-0.330646985420563	0.740911151277291
viper	Foxa1	MHCneg_2	0.0146947281360405	0.988275725243523
viper	Foxa1	MHCneg_3	0.419045892923849	0.675182592663112
viper	Foxa1	MHCneg_4	-0.274040674527046	0.784053363915305
viper	Foxa2	MHCpos_1	0.157192654901373	0.875093016878433
viper	Foxa2	MHCpos_2	0.100110440206138	0.920256646887942
viper	Foxa2	MHCpos_3	0.620489496152566	0.534935567283577
viper	Foxa2	MHCpos_4	0.146136494946162	0.883813636860459
viper	Foxa2	MHCneg_1	0.635187222688141	0.525306315599932
viper	Foxa2	MHCneg_2	0.551569313658991	0.58124346545356
viper	Foxa2	MHCneg_3	0.759079946943837	0.447804734059101
viper	Foxa2	MHCneg_4	0.472273913187871	0.636731288034889
viper	Foxj2	MHCpos_1	6.72184584201776	1.79436742651461e-11
viper	Foxj2	MHCpos_2	6.11030817903503	9.94389319281779e-10
viper	Foxj2	MHCpos_3	6.82007877458189	9.09906026135459e-12
viper	Foxj2	MHCpos_4	6.61363521787436	3.74995144008268e-11
viper	Foxj2	MHCneg_1	6.20887904094234	5.33638764139157e-10
viper	Foxj2	MHCneg_2	6.13946115720627	8.28018670404551e-10
viper	Foxj2	MHCneg_3	6.74861919698508	1.49258753682148e-11
viper	Foxj2	MHCneg_4	5.91524288977818	3.31386189626697e-09
viper	Foxk2	MHCpos_1	9.61316830428157	7.0350277445601e-22
viper	Foxk2	MHCpos_2	9.78311852424883	1.3304668282428e-22
viper	Foxk2	MHCpos_3	9.82283825709709	8.9779514128734e-23
viper	Foxk2	MHCpos_4	9.86460719731195	5.92659605281231e-23
viper	Foxk2	MHCneg_1	9.41486026663988	4.73712066175695e-21
viper	Foxk2	MHCneg_2	9.52000440574757	1.73171719601092e-21
viper	Foxk2	MHCneg_3	9.90247383541685	4.06103144752393e-23
viper	Foxk2	MHCneg_4	9.73189986416739	2.20436768779576e-22
viper	Foxl2	MHCpos_1	0.0692492139664849	0.944791250017446
viper	Foxl2	MHCpos_2	1.81785384051798	0.0690864749927467
viper	Foxl2	MHCpos_3	1.93407256069531	0.0531042070641371
viper	Foxl2	MHCpos_4	1.80334610908512	0.0713338754639063
viper	Foxl2	MHCneg_1	1.73135279982789	0.0833888595934789
viper	Foxl2	MHCneg_2	1.26807663926573	0.204770583024905
viper	Foxl2	MHCneg_3	1.23681570458914	0.216155510353623
viper	Foxl2	MHCneg_4	-0.392256991480293	0.694868338187152
viper	Foxm1	MHCpos_1	4.63463005046895	3.57576378447149e-06
viper	Foxm1	MHCpos_2	4.33488440547651	1.45836736061148e-05
viper	Foxm1	MHCpos_3	4.45295108803595	8.46980540095734e-06
viper	Foxm1	MHCpos_4	5.13327266335978	2.84746921281494e-07
viper	Foxm1	MHCneg_1	4.0802288556703	4.49913828782087e-05
viper	Foxm1	MHCneg_2	4.18250906160654	2.8830952257693e-05
viper	Foxm1	MHCneg_3	4.73554485654438	2.18467376814103e-06
viper	Foxm1	MHCneg_4	4.31233587739226	1.61538786113734e-05
viper	Foxo1	MHCpos_1	2.0953507001255	0.0361398285824443
viper	Foxo1	MHCpos_2	2.64722309626276	0.00811557932851281
viper	Foxo1	MHCpos_3	2.68284006849248	0.00729998911253317
viper	Foxo1	MHCpos_4	2.29079168351924	0.0219754648735409
viper	Foxo1	MHCneg_1	1.86257713807599	0.0625217833340679
viper	Foxo1	MHCneg_2	1.7976086880381	0.0722390405875226
viper	Foxo1	MHCneg_3	3.06720406557824	0.00216071293066072
viper	Foxo1	MHCneg_4	1.77517759014094	0.0758685687420519
viper	Foxo3	MHCpos_1	6.11251951921007	9.80703078322044e-10
viper	Foxo3	MHCpos_2	6.22811014048412	4.72095147489534e-10
viper	Foxo3	MHCpos_3	6.33735580485491	2.33741788819456e-10
viper	Foxo3	MHCpos_4	6.31398116755627	2.71947046415441e-10
viper	Foxo3	MHCneg_1	6.52114641188688	6.97720356985314e-11
viper	Foxo3	MHCneg_2	6.22250195731505	4.89288676118946e-10
viper	Foxo3	MHCneg_3	7.18038298241909	6.95164073165177e-13
viper	Foxo3	MHCneg_4	6.67359296771069	2.49615329491324e-11
viper	Foxo4	MHCpos_1	4.07494181669148	4.60258530553845e-05
viper	Foxo4	MHCpos_2	4.04402345830472	5.25416587358955e-05
viper	Foxo4	MHCpos_3	4.05633231076934	4.98493221550902e-05
viper	Foxo4	MHCpos_4	3.95414248713061	7.68096277360656e-05
viper	Foxo4	MHCneg_1	4.01876066216571	5.85050617790807e-05
viper	Foxo4	MHCneg_2	3.75257064278938	0.000175030486869104
viper	Foxo4	MHCneg_3	4.21220052842733	2.52894879293642e-05
viper	Foxo4	MHCneg_4	4.03775244941473	5.3965756641728e-05
viper	Foxp2	MHCpos_1	-6.26466212019946	3.73634660126235e-10
viper	Foxp2	MHCpos_2	-6.37566090912062	1.82175602089677e-10
viper	Foxp2	MHCpos_3	-6.62537441015533	3.4636911398025e-11
viper	Foxp2	MHCpos_4	-6.88330176207199	5.84809612623183e-12
viper	Foxp2	MHCneg_1	-5.88346731954226	4.01759454312184e-09
viper	Foxp2	MHCneg_2	-6.08207629558624	1.1863608721783e-09
viper	Foxp2	MHCneg_3	-6.60531526767439	3.96672267002858e-11
viper	Foxp2	MHCneg_4	-6.30136498080148	2.95035728631946e-10
viper	Gabpa	MHCpos_1	10.6519921829859	1.70672842793663e-26
viper	Gabpa	MHCpos_2	10.5845012176557	3.51648585780848e-26
viper	Gabpa	MHCpos_3	10.5982125752125	3.03729649389304e-26
viper	Gabpa	MHCpos_4	10.3938918599557	2.64341660595809e-25
viper	Gabpa	MHCneg_1	10.1427506145596	3.56905822351573e-24
viper	Gabpa	MHCneg_2	10.0826612565469	6.59161803475573e-24
viper	Gabpa	MHCneg_3	10.8979432708228	1.1789198324565e-27
viper	Gabpa	MHCneg_4	10.6268079760449	2.23636141336673e-26
viper	Gata1	MHCpos_1	3.20365909416987	0.00135693045598896
viper	Gata1	MHCpos_2	3.15202301492201	0.00162143492661692
viper	Gata1	MHCpos_3	3.80891117698742	0.000139580083803837
viper	Gata1	MHCpos_4	3.66396736140528	0.000248338444417135
viper	Gata1	MHCneg_1	2.90056174041311	0.00372494448929382
viper	Gata1	MHCneg_2	3.14592063670926	0.00165564925609335
viper	Gata1	MHCneg_3	3.64120537080643	0.000271364554977663
viper	Gata1	MHCneg_4	3.07703763099241	0.00209068905631367
viper	Gata2	MHCpos_1	3.61301941108074	0.00030265203715698
viper	Gata2	MHCpos_2	3.33897457229418	0.000840882610783628
viper	Gata2	MHCpos_3	3.38712040862748	0.000706303817759381
viper	Gata2	MHCpos_4	3.99109081040995	6.57700886212829e-05
viper	Gata2	MHCneg_1	3.7039293512452	0.000212285403042407
viper	Gata2	MHCneg_2	3.90223579239603	9.53082455806347e-05
viper	Gata2	MHCneg_3	4.44097818795565	8.95508725776572e-06
viper	Gata2	MHCneg_4	3.78828305488663	0.000151691969778042
viper	Gata3	MHCpos_1	5.55469872845826	2.7809097171657e-08
viper	Gata3	MHCpos_2	5.69056611227327	1.26618875216961e-08
viper	Gata3	MHCpos_3	6.1135308150757	9.74505428056436e-10
viper	Gata3	MHCpos_4	5.57644601918082	2.4548204177532e-08
viper	Gata3	MHCneg_1	5.07512383007158	3.87243730848438e-07
viper	Gata3	MHCneg_2	5.91257252122326	3.36805474201987e-09
viper	Gata3	MHCneg_3	6.88439218294002	5.80347884613233e-12
viper	Gata3	MHCneg_4	5.91193701594114	3.38107832715321e-09
viper	Gata4	MHCpos_1	0.0841661763943137	0.932924310065024
viper	Gata4	MHCpos_2	0.0681829356230267	0.945640010756488
viper	Gata4	MHCpos_3	0.312443358880601	0.754703602830229
viper	Gata4	MHCpos_4	0.740656241898317	0.45890189750867
viper	Gata4	MHCneg_1	0.512225903039679	0.608492916373733
viper	Gata4	MHCneg_2	0.451467217357327	0.651652847296381
viper	Gata4	MHCneg_3	-0.0735351393017733	0.94138028263569
viper	Gata4	MHCneg_4	0.191707616823049	0.84797123929441
viper	Gata6	MHCpos_1	6.79551645902366	1.07925194197915e-11
viper	Gata6	MHCpos_2	6.4584136729722	1.05806190622076e-10
viper	Gata6	MHCpos_3	6.85930903201734	6.91944087187156e-12
viper	Gata6	MHCpos_4	6.08043898883766	1.19853951602397e-09
viper	Gata6	MHCneg_1	6.22693755393845	4.75640586694782e-10
viper	Gata6	MHCneg_2	6.30673052642141	2.84991381655977e-10
viper	Gata6	MHCneg_3	6.80672725561785	9.9843960134524e-12
viper	Gata6	MHCneg_4	6.27026975633062	3.60423139006852e-10
viper	Gfi1b	MHCpos_1	6.53356626152472	6.42217606933078e-11
viper	Gfi1b	MHCpos_2	6.31172179075622	2.75947968566143e-10
viper	Gfi1b	MHCpos_3	6.6671883740168	2.60750332369375e-11
viper	Gfi1b	MHCpos_4	6.29538279965408	3.06642173722453e-10
viper	Gfi1b	MHCneg_1	6.29734942641666	3.02778233797038e-10
viper	Gfi1b	MHCneg_2	6.42922810468074	1.28253544817658e-10
viper	Gfi1b	MHCneg_3	6.17361411972194	6.67463320428939e-10
viper	Gfi1b	MHCneg_4	6.55422353960688	5.59321298294704e-11
viper	Gli2	MHCpos_1	-0.0407297838154051	0.967511317239195
viper	Gli2	MHCpos_2	-0.159568422834996	0.873221055126426
viper	Gli2	MHCpos_3	0.159657196405561	0.87315112059777
viper	Gli2	MHCpos_4	0.689778433564855	0.490333533001537
viper	Gli2	MHCneg_1	0.570647398470844	0.568238682006939
viper	Gli2	MHCneg_2	0.267522758361762	0.789066693872063
viper	Gli2	MHCneg_3	0.441711249914349	0.658698167841207
viper	Gli2	MHCneg_4	0.12871420822501	0.89758379239686
viper	Grhl2	MHCpos_1	5.58424453661788	2.34718253030555e-08
viper	Grhl2	MHCpos_2	5.50326576468647	3.72819758720263e-08
viper	Grhl2	MHCpos_3	5.66862610207917	1.4394710734584e-08
viper	Grhl2	MHCpos_4	5.07428925736344	3.88947020140635e-07
viper	Grhl2	MHCneg_1	4.70283277330556	2.56576559355169e-06
viper	Grhl2	MHCneg_2	4.60283493338863	4.16778547889743e-06
viper	Grhl2	MHCneg_3	5.4709849293815	4.47541358528779e-08
viper	Grhl2	MHCneg_4	5.41804891234045	6.02529344479884e-08
viper	Hbp1	MHCpos_1	-8.28821795368153	1.14957783050163e-16
viper	Hbp1	MHCpos_2	-8.28086636359759	1.22282354007591e-16
viper	Hbp1	MHCpos_3	-8.42801149254316	3.51588538716756e-17
viper	Hbp1	MHCpos_4	-8.77363688756955	1.72986429765218e-18
viper	Hbp1	MHCneg_1	-8.3122330498519	9.39177509642867e-17
viper	Hbp1	MHCneg_2	-8.26530004794321	1.3934381768559e-16
viper	Hbp1	MHCneg_3	-8.24567694626501	1.64227806772817e-16
viper	Hbp1	MHCneg_4	-8.4895313874796	2.07471978271345e-17
viper	Hif1a	MHCpos_1	9.81946002728487	9.28394917477682e-23
viper	Hif1a	MHCpos_2	9.33105296696783	1.04824274019076e-20
viper	Hif1a	MHCpos_3	10.3586409126554	3.82356172610383e-25
viper	Hif1a	MHCpos_4	8.59233422070768	8.52200727880064e-18
viper	Hif1a	MHCneg_1	9.19753932296256	3.66240188758367e-20
viper	Hif1a	MHCneg_2	9.44599970384834	3.52027669123441e-21
viper	Hif1a	MHCneg_3	9.71704803032921	2.55068901693511e-22
viper	Hif1a	MHCneg_4	9.66021980486612	4.44908330050818e-22
viper	Hinfp	MHCpos_1	5.45173595717457	4.98804807783278e-08
viper	Hinfp	MHCpos_2	5.3523642654316	8.68124182442459e-08
viper	Hinfp	MHCpos_3	5.738774258852	9.5364231993237e-09
viper	Hinfp	MHCpos_4	5.12154706350603	3.03039082168e-07
viper	Hinfp	MHCneg_1	5.06323661577677	4.12197725970052e-07
viper	Hinfp	MHCneg_2	5.32330510556022	1.0189861911402e-07
viper	Hinfp	MHCneg_3	5.44625528765456	5.14412920572902e-08
viper	Hinfp	MHCneg_4	5.26903313283659	1.37144210931423e-07
viper	Hmbox1	MHCpos_1	-6.93155991622992	4.16225092945489e-12
viper	Hmbox1	MHCpos_2	-7.05764629142569	1.69346446498458e-12
viper	Hmbox1	MHCpos_3	-7.17620612808427	7.16724694048841e-13
viper	Hmbox1	MHCpos_4	-7.38268092392573	1.5513350608628e-13
viper	Hmbox1	MHCneg_1	-6.98054975197965	2.94027211782006e-12
viper	Hmbox1	MHCneg_2	-6.69974951599723	2.0877709642782e-11
viper	Hmbox1	MHCneg_3	-7.36774926825551	1.7353276465135e-13
viper	Hmbox1	MHCneg_4	-7.06863319326632	1.56467127346977e-12
viper	Hnf1a	MHCpos_1	-0.636861644525161	0.524214968317957
viper	Hnf1a	MHCpos_2	-1.10670141056391	0.268423045322954
viper	Hnf1a	MHCpos_3	-0.501415691728545	0.616078598561209
viper	Hnf1a	MHCpos_4	-0.50565556063306	0.613098470196932
viper	Hnf1a	MHCneg_1	-1.31931694483556	0.187063175227773
viper	Hnf1a	MHCneg_2	-1.45800357856247	0.144839556637108
viper	Hnf1a	MHCneg_3	-0.46768776045891	0.640007895108601
viper	Hnf1a	MHCneg_4	-0.357389095384494	0.720800539080086
viper	Hnf1b	MHCpos_1	2.72083187659459	0.00651178703644233
viper	Hnf1b	MHCpos_2	2.83147715911148	0.00463335427005063
viper	Hnf1b	MHCpos_3	3.04107807682373	0.00235732694060036
viper	Hnf1b	MHCpos_4	2.61903121965524	0.0088179876971736
viper	Hnf1b	MHCneg_1	2.64531932504576	0.00816138582577527
viper	Hnf1b	MHCneg_2	2.56797713194798	0.0102293904102907
viper	Hnf1b	MHCneg_3	3.02719444622009	0.00246835121835124
viper	Hnf1b	MHCneg_4	2.87387438421155	0.00405470195863387
viper	Hnf4a	MHCpos_1	2.5361571854379	0.0112076415606831
viper	Hnf4a	MHCpos_2	2.84354998487151	0.00446140108908858
viper	Hnf4a	MHCpos_3	2.68970133289035	0.00715159929402837
viper	Hnf4a	MHCpos_4	2.15106964823348	0.0314707027493207
viper	Hnf4a	MHCneg_1	2.92592021540912	0.00343439003410589
viper	Hnf4a	MHCneg_2	3.05519027857948	0.00224917776404635
viper	Hnf4a	MHCneg_3	2.89474214802857	0.00379470103008379
viper	Hnf4a	MHCneg_4	2.4880643362618	0.0128440495587578
viper	Hnf4g	MHCpos_1	-1.73569173829419	0.0826183550930122
viper	Hnf4g	MHCpos_2	-1.69643100001422	0.0898042870790166
viper	Hnf4g	MHCpos_3	-1.8125381927133	0.0699030781339743
viper	Hnf4g	MHCpos_4	-1.57381277256348	0.115530740323758
viper	Hnf4g	MHCneg_1	-1.64620300537673	0.0997219707297155
viper	Hnf4g	MHCneg_2	-1.60864244657595	0.107694547172277
viper	Hnf4g	MHCneg_3	-2.07688005515345	0.0378126310140321
viper	Hnf4g	MHCneg_4	-1.5411307956259	0.123284956172261
viper	Hoxa9	MHCpos_1	4.53842248914793	5.6676620813804e-06
viper	Hoxa9	MHCpos_2	4.41385153140639	1.01547613141593e-05
viper	Hoxa9	MHCpos_3	4.77139469070944	1.82954629437513e-06
viper	Hoxa9	MHCpos_4	4.40986097110728	1.03437005222316e-05
viper	Hoxa9	MHCneg_1	4.16272983641506	3.14465353042846e-05
viper	Hoxa9	MHCneg_2	4.22697130747682	2.36857856694105e-05
viper	Hoxa9	MHCneg_3	4.73614232505708	2.17824644225553e-06
viper	Hoxa9	MHCneg_4	4.26143828371517	2.03115448646382e-05
viper	Hoxb13	MHCpos_1	4.76829467263824	1.85791897443002e-06
viper	Hoxb13	MHCpos_2	4.91123406870593	9.05049711742315e-07
viper	Hoxb13	MHCpos_3	5.14327670685301	2.69987507228992e-07
viper	Hoxb13	MHCpos_4	5.38380125154264	7.29290281277263e-08
viper	Hoxb13	MHCneg_1	4.2539149071499	2.10065155405144e-05
viper	Hoxb13	MHCneg_2	4.27720963097409	1.89250570993011e-05
viper	Hoxb13	MHCneg_3	4.97514155359094	6.51999772701286e-07
viper	Hoxb13	MHCneg_4	5.03169507857685	4.86162071888997e-07
viper	Hsf1	MHCpos_1	4.68862163450358	2.75051409003386e-06
viper	Hsf1	MHCpos_2	4.39999949159975	1.08251131769533e-05
viper	Hsf1	MHCpos_3	4.34335515274066	1.40323008955266e-05
viper	Hsf1	MHCpos_4	4.87518532735266	1.0870635093745e-06
viper	Hsf1	MHCneg_1	4.42153434417227	9.80024831211949e-06
viper	Hsf1	MHCneg_2	4.6085969612459	4.05395310699723e-06
viper	Hsf1	MHCneg_3	3.92158036260179	8.79700990488627e-05
viper	Hsf1	MHCneg_4	4.62684482421915	3.71278477007348e-06
viper	Ikzf1	MHCpos_1	8.21501095511692	2.12144890121432e-16
viper	Ikzf1	MHCpos_2	7.92001352971117	2.374847378747e-15
viper	Ikzf1	MHCpos_3	8.9267588861374	4.3867214387356e-19
viper	Ikzf1	MHCpos_4	8.27364909004206	1.29920165328467e-16
viper	Ikzf1	MHCneg_1	7.7404986665307	9.90276415873809e-15
viper	Ikzf1	MHCneg_2	7.84445869320122	4.34824993004584e-15
viper	Ikzf1	MHCneg_3	8.87286796125193	7.12858351916428e-19
viper	Ikzf1	MHCneg_4	8.46378048963623	2.58846815386049e-17
viper	Irf1	MHCpos_1	4.4482063837663	8.65903108728794e-06
viper	Irf1	MHCpos_2	4.1563602369227	3.23357830721732e-05
viper	Irf1	MHCpos_3	5.08891473866206	3.60118467738245e-07
viper	Irf1	MHCpos_4	3.99558769283348	6.45339633664127e-05
viper	Irf1	MHCneg_1	3.25383674765822	0.00113857690346143
viper	Irf1	MHCneg_2	2.97742119389842	0.00290684363481405
viper	Irf1	MHCneg_3	3.82303637127901	0.000131818326420483
viper	Irf1	MHCneg_4	4.21453704894735	2.50291064961461e-05
viper	Irf2	MHCpos_1	10.9558170259494	6.23134923392697e-28
viper	Irf2	MHCpos_2	10.8439647187945	2.13034022475302e-27
viper	Irf2	MHCpos_3	10.987061707231	4.41051470398708e-28
viper	Irf2	MHCpos_4	10.5236747206956	6.72004304637037e-26
viper	Irf2	MHCneg_1	10.5022867539721	8.43124986615714e-26
viper	Irf2	MHCneg_2	10.4800149375611	1.06726884161784e-25
viper	Irf2	MHCneg_3	11.0336449825147	2.62985652709887e-28
viper	Irf2	MHCneg_4	10.653043637861	1.68755487015656e-26
viper	Irf3	MHCpos_1	-1.3648311134361	0.172306137369847
viper	Irf3	MHCpos_2	-1.17092765035602	0.24162785978021
viper	Irf3	MHCpos_3	-1.31091593069473	0.189886168030778
viper	Irf3	MHCpos_4	-1.71955714994043	0.085512970853933
viper	Irf3	MHCneg_1	-1.62689435974101	0.103759536097292
viper	Irf3	MHCneg_2	-1.40027765746542	0.161430188729546
viper	Irf3	MHCneg_3	-1.66072673755267	0.0967683409149696
viper	Irf3	MHCneg_4	-1.67928761118077	0.0930960042932749
viper	Irf4	MHCpos_1	9.58694667261829	9.07302674305504e-22
viper	Irf4	MHCpos_2	10.0512763667604	9.06851454495446e-24
viper	Irf4	MHCpos_3	10.8466552396682	2.06857120942582e-27
viper	Irf4	MHCpos_4	9.57686566468271	1.00034648361056e-21
viper	Irf4	MHCneg_1	7.39528127600106	1.41109252808097e-13
viper	Irf4	MHCneg_2	7.94274323295952	1.97758047134329e-15
viper	Irf4	MHCneg_3	10.958111560218	6.07538698279142e-28
viper	Irf4	MHCneg_4	8.80526864341888	1.30539536950558e-18
viper	Irf7	MHCpos_1	-1.50250676959765	0.13296628095703
viper	Irf7	MHCpos_2	-1.24074624364398	0.21469950529935
viper	Irf7	MHCpos_3	-1.56431099325487	0.117744551683855
viper	Irf7	MHCpos_4	-1.8521345924231	0.0640064982265076
viper	Irf7	MHCneg_1	-1.70670911476129	0.0878761322226373
viper	Irf7	MHCneg_2	-1.46794715797344	0.142118577102307
viper	Irf7	MHCneg_3	-1.84683322864717	0.064771314390848
viper	Irf7	MHCneg_4	-1.81995096135444	0.0687664731510657
viper	Irf9	MHCpos_1	2.00781441323704	0.0446630166420206
viper	Irf9	MHCpos_2	1.71408952540809	0.0865122852260119
viper	Irf9	MHCpos_3	4.25035994869085	2.13427252916454e-05
viper	Irf9	MHCpos_4	3.97497881261958	7.03855218881046e-05
viper	Irf9	MHCneg_1	1.61560377537877	0.106180007131415
viper	Irf9	MHCneg_2	1.85244855187255	0.0639614388787967
viper	Irf9	MHCneg_3	2.0998550981154	0.0357415896770417
viper	Irf9	MHCneg_4	2.12253008865498	0.0337932487528514
viper	Jun	MHCpos_1	3.0806699178943	0.00206535471711851
viper	Jun	MHCpos_2	3.03967228152567	0.00236835703267822
viper	Jun	MHCpos_3	3.436706712102	0.000588832838308366
viper	Jun	MHCpos_4	3.16728165126248	0.00153871212328145
viper	Jun	MHCneg_1	1.67507404227771	0.0939197052222199
viper	Jun	MHCneg_2	2.06286864712156	0.0391251096730335
viper	Jun	MHCneg_3	3.14173503048225	0.00167949951893877
viper	Jun	MHCneg_4	4.16244839277831	3.14853314969487e-05
viper	Junb	MHCpos_1	7.4953923173193	6.61003528325534e-14
viper	Junb	MHCpos_2	7.42339038589599	1.14159652136497e-13
viper	Junb	MHCpos_3	8.05200156090678	8.14508681298655e-16
viper	Junb	MHCpos_4	7.23855814758427	4.53479781907247e-13
viper	Junb	MHCneg_1	7.05793969339546	1.68989363778745e-12
viper	Junb	MHCneg_2	7.09820148203597	1.26390836388589e-12
viper	Junb	MHCneg_3	7.5243922736282	5.29661023910715e-14
viper	Junb	MHCneg_4	7.09109604097996	1.33053962501067e-12
viper	Jund	MHCpos_1	0.989858950084653	0.322243066311815
viper	Jund	MHCpos_2	0.843745543107762	0.398811611994997
viper	Jund	MHCpos_3	1.52233087434604	0.127926195740192
viper	Jund	MHCpos_4	1.86940125094316	0.0615670106787381
viper	Jund	MHCneg_1	0.695937307630412	0.486468091947435
viper	Jund	MHCneg_2	0.690234756775563	0.49004656938216
viper	Jund	MHCneg_3	2.13640555330598	0.0326463718069899
viper	Jund	MHCneg_4	2.75281265837465	0.00590856969253488
viper	Kdm5b	MHCpos_1	4.95622684217579	7.18752961400889e-07
viper	Kdm5b	MHCpos_2	4.7978717706937	1.60360381308738e-06
viper	Kdm5b	MHCpos_3	4.85944917720889	1.1771279404331e-06
viper	Kdm5b	MHCpos_4	4.81063317140342	1.50452920602879e-06
viper	Kdm5b	MHCneg_1	4.85251194875874	1.21907436529872e-06
viper	Kdm5b	MHCneg_2	4.8484348360475	1.24439394029461e-06
viper	Kdm5b	MHCneg_3	4.78604346655295	1.70101232910385e-06
viper	Kdm5b	MHCneg_4	4.77347747916388	1.81071805856385e-06
viper	Klf1	MHCpos_1	9.34535705611561	9.15799480975229e-21
viper	Klf1	MHCpos_2	9.18073405376598	4.28162652741015e-20
viper	Klf1	MHCpos_3	9.73764536121999	2.08325430243723e-22
viper	Klf1	MHCpos_4	9.01253857692192	2.01340881391563e-19
viper	Klf1	MHCneg_1	9.20735085479233	3.34272627996766e-20
viper	Klf1	MHCneg_2	9.15477623762892	5.44705780635754e-20
viper	Klf1	MHCneg_3	9.56528387137241	1.11893980371963e-21
viper	Klf1	MHCneg_4	9.2105602116073	3.24427261660475e-20
viper	Klf13	MHCpos_1	-7.50122389758011	6.32246882780638e-14
viper	Klf13	MHCpos_2	-7.4139133808841	1.22626027060074e-13
viper	Klf13	MHCpos_3	-7.47724177771465	7.58987032575964e-14
viper	Klf13	MHCpos_4	-7.48659891518508	7.06812796930686e-14
viper	Klf13	MHCneg_1	-7.29895491196171	2.90011475686585e-13
viper	Klf13	MHCneg_2	-7.53303479108544	4.95743957251457e-14
viper	Klf13	MHCneg_3	-7.36537224944951	1.76653225492964e-13
viper	Klf13	MHCneg_4	-7.83242831569301	4.78536047328013e-15
viper	Klf3	MHCpos_1	4.03842178187061	5.38120307155835e-05
viper	Klf3	MHCpos_2	3.96876631745212	7.22456855323494e-05
viper	Klf3	MHCpos_3	4.12336337177391	3.73379970165554e-05
viper	Klf3	MHCpos_4	3.78150260906498	0.000155884588083857
viper	Klf3	MHCneg_1	4.05360131352732	5.04351423531063e-05
viper	Klf3	MHCneg_2	3.9003638169608	9.60482420791115e-05
viper	Klf3	MHCneg_3	4.36371369534936	1.27872908938e-05
viper	Klf3	MHCneg_4	3.99484174284032	6.47374809724055e-05
viper	Klf4	MHCpos_1	0.970693214014506	0.331701072097989
viper	Klf4	MHCpos_2	0.740008290033734	0.459294964130217
viper	Klf4	MHCpos_3	0.399695798952357	0.689380586733074
viper	Klf4	MHCpos_4	0.461383394355573	0.644523563089526
viper	Klf4	MHCneg_1	0.680446205663038	0.496221972678354
viper	Klf4	MHCneg_2	0.512043183145668	0.608620787393474
viper	Klf4	MHCneg_3	1.01600272788337	0.309628087535687
viper	Klf4	MHCneg_4	0.872984737885907	0.382671396573111
viper	Klf5	MHCpos_1	8.33659902199514	7.64577902915964e-17
viper	Klf5	MHCpos_2	8.67120649727754	4.27565499228651e-18
viper	Klf5	MHCpos_3	8.29554627271379	1.08087341855197e-16
viper	Klf5	MHCpos_4	7.32422227309648	2.40288135239835e-13
viper	Klf5	MHCneg_1	7.85121386945937	4.12029631758125e-15
viper	Klf5	MHCneg_2	7.79202964900082	6.59412545039688e-15
viper	Klf5	MHCneg_3	7.81715116514762	5.4032203522409e-15
viper	Klf5	MHCneg_4	7.92127386206865	2.35089503182479e-15
viper	Klf6	MHCpos_1	8.75580887779669	2.02644857231654e-18
viper	Klf6	MHCpos_2	8.53024092363424	1.46043246512122e-17
viper	Klf6	MHCpos_3	8.99430575355573	2.37729903488419e-19
viper	Klf6	MHCpos_4	8.06520646841156	7.31121986548759e-16
viper	Klf6	MHCneg_1	8.32697690558837	8.29329150247223e-17
viper	Klf6	MHCneg_2	8.42768907124314	3.5255834789345e-17
viper	Klf6	MHCneg_3	9.30941031089077	1.28544021919567e-20
viper	Klf6	MHCneg_4	8.87158536493125	7.21118388914237e-19
viper	Klf9	MHCpos_1	9.01395771621485	1.98751351022087e-19
viper	Klf9	MHCpos_2	8.65506580501899	4.92627356821112e-18
viper	Klf9	MHCpos_3	9.07935318369861	1.09221977808603e-19
viper	Klf9	MHCpos_4	8.53170536783753	1.44205939480858e-17
viper	Klf9	MHCneg_1	8.70072300729196	3.29776308676617e-18
viper	Klf9	MHCneg_2	8.89027648379132	6.0957038561673e-19
viper	Klf9	MHCneg_3	8.92937808387071	4.28410352261011e-19
viper	Klf9	MHCneg_4	8.94187902794524	3.82608296227713e-19
viper	Kmt2a	MHCpos_1	1.88601129243805	0.0592934329506978
viper	Kmt2a	MHCpos_2	1.24656558398307	0.212556827587068
viper	Kmt2a	MHCpos_3	1.40115836400561	0.161166721846894
viper	Kmt2a	MHCpos_4	1.32591131056612	0.184869076089584
viper	Kmt2a	MHCneg_1	0.876308293561205	0.380862457597938
viper	Kmt2a	MHCneg_2	1.19094114934077	0.23367668889135
viper	Kmt2a	MHCneg_3	0.984613833335403	0.324813792114349
viper	Kmt2a	MHCneg_4	1.44810194956341	0.147588540416803
viper	Lef1	MHCpos_1	2.63564997076148	0.00839763076288756
viper	Lef1	MHCpos_2	3.11379689087662	0.0018469658553645
viper	Lef1	MHCpos_3	2.92663067475101	0.00342655522479474
viper	Lef1	MHCpos_4	2.91247460571883	0.00358577355020786
viper	Lef1	MHCneg_1	2.75292734191617	0.00590650033424485
viper	Lef1	MHCneg_2	2.88474077799881	0.00391736072181024
viper	Lef1	MHCneg_3	2.6959435839415	0.00701895533456504
viper	Lef1	MHCneg_4	3.01211822720034	0.00259431535240189
viper	Lhx2	MHCpos_1	2.38527619613594	0.0170663029994982
viper	Lhx2	MHCpos_2	2.3566223192588	0.0184419928234505
viper	Lhx2	MHCpos_3	2.71971091602946	0.00653390106076056
viper	Lhx2	MHCpos_4	2.53870387189667	0.0111263955566914
viper	Lhx2	MHCneg_1	2.12054205472945	0.0339603588775403
viper	Lhx2	MHCneg_2	2.49657663187275	0.0125398570893877
viper	Lhx2	MHCneg_3	2.24058127450075	0.0250532107815388
viper	Lhx2	MHCneg_4	2.57789281653654	0.00994048262243537
viper	Lyl1	MHCpos_1	13.3356752977601	1.43548914509895e-40
viper	Lyl1	MHCpos_2	13.0332261973294	7.9187230294102e-39
viper	Lyl1	MHCpos_3	14.0214064565341	1.15306622270736e-44
viper	Lyl1	MHCpos_4	13.3251709078573	1.65253916464799e-40
viper	Lyl1	MHCneg_1	12.6001109282707	2.10847766994086e-36
viper	Lyl1	MHCneg_2	12.691627367478	6.58041154943954e-37
viper	Lyl1	MHCneg_3	14.2708842543521	3.32337722930548e-46
viper	Lyl1	MHCneg_4	13.7710255022506	3.80769425862214e-43
viper	Maf	MHCpos_1	7.29251355301597	3.04224952576766e-13
viper	Maf	MHCpos_2	7.04085716208205	1.91060792188121e-12
viper	Maf	MHCpos_3	7.89171923022292	2.98051684808229e-15
viper	Maf	MHCpos_4	7.28296579029514	3.26560060473448e-13
viper	Maf	MHCneg_1	6.74517754511132	1.52840012226296e-11
viper	Maf	MHCneg_2	7.02809536969419	2.093717785199e-12
viper	Maf	MHCneg_3	7.88441595921456	3.16009998144734e-15
viper	Maf	MHCneg_4	7.76086085190078	8.43548287197748e-15
viper	Mafb	MHCpos_1	6.06961179190306	1.2821981231358e-09
viper	Mafb	MHCpos_2	5.90983304001035	3.42454648611746e-09
viper	Mafb	MHCpos_3	6.45144515679531	1.10788543294481e-10
viper	Mafb	MHCpos_4	7.5548892266358	4.19216487232718e-14
viper	Mafb	MHCneg_1	4.86062153990182	1.1701777450924e-06
viper	Mafb	MHCneg_2	5.41010737796358	6.29869707766052e-08
viper	Mafb	MHCneg_3	6.37511709470958	1.82823213306614e-10
viper	Mafb	MHCneg_4	6.08297734007758	1.17971026061688e-09
viper	Maff	MHCpos_1	5.97047366012541	2.36565775041307e-09
viper	Maff	MHCpos_2	6.49780834456412	8.14985349393793e-11
viper	Maff	MHCpos_3	6.60329864368777	4.02108337342082e-11
viper	Maff	MHCpos_4	5.56930230916073	2.5576139391217e-08
viper	Maff	MHCneg_1	5.57835050640755	2.42810018523964e-08
viper	Maff	MHCneg_2	6.07735212104997	1.22183268383598e-09
viper	Maff	MHCneg_3	6.55751189736915	5.47129468971099e-11
viper	Maff	MHCneg_4	6.14093264110996	8.20383691579707e-10
viper	Mafg	MHCpos_1	6.44287029646645	1.17234880472137e-10
viper	Mafg	MHCpos_2	5.40029925057908	6.6529823420003e-08
viper	Mafg	MHCpos_3	5.74676642033621	9.09662532088418e-09
viper	Mafg	MHCpos_4	6.15943647742064	7.30042565360482e-10
viper	Mafg	MHCneg_1	5.87454406858087	4.24008677635157e-09
viper	Mafg	MHCneg_2	4.8610058634326	1.16790794021578e-06
viper	Mafg	MHCneg_3	4.78691498001814	1.69364537558943e-06
viper	Mafg	MHCneg_4	5.86442441020159	4.5069335204853e-09
viper	Mafk	MHCpos_1	3.14320001988565	0.00167111605106894
viper	Mafk	MHCpos_2	2.46510930628924	0.0136971459730542
viper	Mafk	MHCpos_3	3.44597614450928	0.000569000586734563
viper	Mafk	MHCpos_4	3.77705940975442	0.000158690888564574
viper	Mafk	MHCneg_1	3.1467340720664	0.00165105049268499
viper	Mafk	MHCneg_2	2.75290312261968	0.00590693729460404
viper	Mafk	MHCneg_3	3.47311242614421	0.000514459803599903
viper	Mafk	MHCneg_4	3.43533500372016	0.000591821728253228
viper	Max	MHCpos_1	6.41055283344283	1.44992894963728e-10
viper	Max	MHCpos_2	6.32835803874475	2.47783669411883e-10
viper	Max	MHCpos_3	6.68027537506688	2.38493675649926e-11
viper	Max	MHCpos_4	6.5507149891998	5.7262253901889e-11
viper	Max	MHCneg_1	6.5074516252797	7.64363537478697e-11
viper	Max	MHCneg_2	6.45249753117231	1.10021676244246e-10
viper	Max	MHCneg_3	6.95544229430807	3.51457623099617e-12
viper	Max	MHCneg_4	6.76069820889528	1.373283133193e-11
viper	Maz	MHCpos_1	9.91247890261521	3.6741498602149e-23
viper	Maz	MHCpos_2	9.68058592692143	3.64620262302838e-22
viper	Maz	MHCpos_3	9.68459697406189	3.50588527760557e-22
viper	Maz	MHCpos_4	9.397295998969	5.59832639627211e-21
viper	Maz	MHCneg_1	9.5505027932952	1.29068352132764e-21
viper	Maz	MHCneg_2	9.82444653682075	8.83580377505169e-23
viper	Maz	MHCneg_3	9.40577718357223	5.16470903269742e-21
viper	Maz	MHCneg_4	9.75152209754505	1.81722879475664e-22
viper	Mbd1	MHCpos_1	-8.96668279070079	3.05578584602221e-19
viper	Mbd1	MHCpos_2	-8.83620012986461	9.9029310958979e-19
viper	Mbd1	MHCpos_3	-8.40623217045875	4.23392613956567e-17
viper	Mbd1	MHCpos_4	-9.01330130112414	1.99945007626052e-19
viper	Mbd1	MHCneg_1	-9.02529473667959	1.79212292020297e-19
viper	Mbd1	MHCneg_2	-9.25149572530071	2.2137284801635e-20
viper	Mbd1	MHCneg_3	-8.40509867873842	4.27501989723351e-17
viper	Mbd1	MHCneg_4	-8.95122436048877	3.51561011779444e-19
viper	Mbd2	MHCpos_1	2.38066766171137	0.0172812948996662
viper	Mbd2	MHCpos_2	2.41416027187662	0.0157715231449143
viper	Mbd2	MHCpos_3	2.26045633035657	0.0237929438118113
viper	Mbd2	MHCpos_4	2.08300366783192	0.0372508892335581
viper	Mbd2	MHCneg_1	2.2270962162516	0.0259408440432394
viper	Mbd2	MHCneg_2	2.18281578609916	0.0290493786752018
viper	Mbd2	MHCneg_3	2.28830169370315	0.0221199579544002
viper	Mbd2	MHCneg_4	2.17995124636596	0.0292610756471574
viper	Mef2a	MHCpos_1	10.6235161899575	2.31666925258392e-26
viper	Mef2a	MHCpos_2	10.229586013696	1.46142765952475e-24
viper	Mef2a	MHCpos_3	9.60515264491314	7.60451689614738e-22
viper	Mef2a	MHCpos_4	10.6793365144041	1.27177341553102e-26
viper	Mef2a	MHCneg_1	10.2492834363833	1.19224097530465e-24
viper	Mef2a	MHCneg_2	10.1152990956427	4.72571387282485e-24
viper	Mef2a	MHCneg_3	9.75844094736492	1.69744531351979e-22
viper	Mef2a	MHCneg_4	9.49495625497606	2.20303858690879e-21
viper	Mef2b	MHCpos_1	6.75335306645141	1.44466804479014e-11
viper	Mef2b	MHCpos_2	5.46884183196638	4.52985749012015e-08
viper	Mef2b	MHCpos_3	6.65763802273911	2.78263054313554e-11
viper	Mef2b	MHCpos_4	6.70028165196116	2.08018208043492e-11
viper	Mef2b	MHCneg_1	5.3399987594305	9.29472175385424e-08
viper	Mef2b	MHCneg_2	5.62537009938127	1.85110662392073e-08
viper	Mef2b	MHCneg_3	7.02188087248076	2.18901145055681e-12
viper	Mef2b	MHCneg_4	6.81426335047481	9.47480007153961e-12
viper	Mef2c	MHCpos_1	9.17155288137246	4.66253272832812e-20
viper	Mef2c	MHCpos_2	9.15511310558458	5.43008961185103e-20
viper	Mef2c	MHCpos_3	9.78500388194348	1.30590274190116e-22
viper	Mef2c	MHCpos_4	7.00168896242238	2.52895039012273e-12
viper	Mef2c	MHCneg_1	7.25840006063628	3.91695626612418e-13
viper	Mef2c	MHCneg_2	7.63669994211667	2.22860058274e-14
viper	Mef2c	MHCneg_3	9.50366181842137	2.02636505366911e-21
viper	Mef2c	MHCneg_4	8.96297780090287	3.16026214042058e-19
viper	Meis1	MHCpos_1	5.35979115320313	8.33182145034718e-08
viper	Meis1	MHCpos_2	5.14292398473647	2.7049508974736e-07
viper	Meis1	MHCpos_3	5.81651819083993	6.00860066783435e-09
viper	Meis1	MHCpos_4	5.69513084434906	1.23277342864788e-08
viper	Meis1	MHCneg_1	4.48197440727362	7.39556143864413e-06
viper	Meis1	MHCneg_2	4.70883310333248	2.49138957367773e-06
viper	Meis1	MHCneg_3	6.2218993636877	4.91172064147102e-10
viper	Meis1	MHCneg_4	5.34596688396879	8.9935651861227e-08
viper	Meis2	MHCpos_1	8.2389410500556	1.73741514139589e-16
viper	Meis2	MHCpos_2	8.16578171078696	3.19360318734154e-16
viper	Meis2	MHCpos_3	8.07112076347071	6.96557778359663e-16
viper	Meis2	MHCpos_4	7.84612776191359	4.29079820844142e-15
viper	Meis2	MHCneg_1	7.51826394111077	5.55083565831321e-14
viper	Meis2	MHCneg_2	7.65330717804876	1.95875259612664e-14
viper	Meis2	MHCneg_3	8.3624399226314	6.14342711761885e-17
viper	Meis2	MHCneg_4	7.83262322664273	4.77794519379327e-15
viper	Mitf	MHCpos_1	4.1327208957224	3.58493952903241e-05
viper	Mitf	MHCpos_2	4.03189638503564	5.53285812868592e-05
viper	Mitf	MHCpos_3	3.72004054753974	0.000199190796259803
viper	Mitf	MHCpos_4	4.54718128300249	5.43691650696565e-06
viper	Mitf	MHCneg_1	3.8930985062794	9.89719402453398e-05
viper	Mitf	MHCneg_2	3.65809459437733	0.000254097271066086
viper	Mitf	MHCneg_3	4.30998951257235	1.63262288355199e-05
viper	Mitf	MHCneg_4	4.18243690864732	2.88401064513129e-05
viper	Mnt	MHCpos_1	-7.76180688609643	8.37278302699218e-15
viper	Mnt	MHCpos_2	-7.68197339578847	1.5665637593039e-14
viper	Mnt	MHCpos_3	-7.54809857619791	4.41658598419184e-14
viper	Mnt	MHCpos_4	-8.56269188223294	1.10262318724842e-17
viper	Mnt	MHCneg_1	-7.16645568335321	7.6964297910761e-13
viper	Mnt	MHCneg_2	-7.71941448014725	1.16865299338882e-14
viper	Mnt	MHCneg_3	-7.6694615439901	1.72719875677031e-14
viper	Mnt	MHCneg_4	-7.38979095576172	1.47059832358294e-13
viper	Mxi1	MHCpos_1	-12.4865795192147	8.83719469847993e-36
viper	Mxi1	MHCpos_2	-12.3361996481049	5.78212660092383e-35
viper	Mxi1	MHCpos_3	-12.104937685015	9.94448693496094e-34
viper	Mxi1	MHCpos_4	-11.9660497793843	5.35164305697884e-33
viper	Mxi1	MHCneg_1	-12.0495229552965	1.95075639502299e-33
viper	Mxi1	MHCneg_2	-12.4792134254656	9.69395430152603e-36
viper	Mxi1	MHCneg_3	-12.0899416980615	1.19371403732673e-33
viper	Mxi1	MHCneg_4	-12.2568571484225	1.54371761561077e-34
viper	Myb	MHCpos_1	5.78150511613761	7.40352292191649e-09
viper	Myb	MHCpos_2	5.57286081494884	2.50589773862693e-08
viper	Myb	MHCpos_3	5.40221852547174	6.58216935738536e-08
viper	Myb	MHCpos_4	5.64147979524769	1.68594827226568e-08
viper	Myb	MHCneg_1	5.63934004707224	1.70703136395521e-08
viper	Myb	MHCneg_2	5.88652894892096	3.94390703037926e-09
viper	Myb	MHCneg_3	5.96892096952358	2.38827751914459e-09
viper	Myb	MHCneg_4	5.97279760499649	2.33219167213742e-09
viper	Mybl2	MHCpos_1	6.11754299780334	9.50291246262646e-10
viper	Mybl2	MHCpos_2	6.09080292909271	1.12345780350607e-09
viper	Mybl2	MHCpos_3	6.14078480535098	8.21147642471477e-10
viper	Mybl2	MHCpos_4	6.56173213000924	5.31862974247583e-11
viper	Mybl2	MHCneg_1	6.1182034984684	9.46361670552544e-10
viper	Mybl2	MHCneg_2	6.21084055076793	5.2701929179909e-10
viper	Mybl2	MHCneg_3	6.5822595909883	4.63351655339401e-11
viper	Mybl2	MHCneg_4	6.3760244545526	1.81743918009482e-10
viper	Myc	MHCpos_1	23.7590462248258	8.85940350359904e-125
viper	Myc	MHCpos_2	23.8058077762635	2.90785856715523e-125
viper	Myc	MHCpos_3	23.6678381371953	7.73367958617832e-124
viper	Myc	MHCpos_4	22.403529865786	3.63597640562075e-111
viper	Myc	MHCneg_1	23.8651834758354	7.04466376916764e-126
viper	Myc	MHCneg_2	24.1474926486027	7.9335199079284e-129
viper	Myc	MHCneg_3	22.847163144377	1.55944324750093e-115
viper	Myc	MHCneg_4	23.6459359685773	1.2996036667404e-123
viper	Mycn	MHCpos_1	6.76969648835918	1.29052837574364e-11
viper	Mycn	MHCpos_2	6.82884560964706	8.56006355758068e-12
viper	Mycn	MHCpos_3	6.81819767997169	9.21897335218682e-12
viper	Mycn	MHCpos_4	6.38090017625069	1.7605004223078e-10
viper	Mycn	MHCneg_1	6.55760799299966	5.46777125234749e-11
viper	Mycn	MHCneg_2	6.63047611681434	3.3460581291067e-11
viper	Mycn	MHCneg_3	6.39184019501633	1.63901146025451e-10
viper	Mycn	MHCneg_4	6.40022331660742	1.55149860711746e-10
viper	Myod1	MHCpos_1	5.02398534788506	5.06100999616438e-07
viper	Myod1	MHCpos_2	4.88078070128226	1.05666693340868e-06
viper	Myod1	MHCpos_3	5.25308742592534	1.49570494018855e-07
viper	Myod1	MHCpos_4	4.48422982078153	7.31777599602654e-06
viper	Myod1	MHCneg_1	4.53788371105338	5.68215776858585e-06
viper	Myod1	MHCneg_2	4.69439202970318	2.67400796931336e-06
viper	Myod1	MHCneg_3	4.20317623768499	2.63195507146077e-05
viper	Myod1	MHCneg_4	4.24832919412411	2.1537076121018e-05
viper	Nanog	MHCpos_1	2.15449758843582	0.0312011708875548
viper	Nanog	MHCpos_2	2.06710522286131	0.0387242400755844
viper	Nanog	MHCpos_3	2.67636801996209	0.00744248718514787
viper	Nanog	MHCpos_4	2.01503056624058	0.043901446480047
viper	Nanog	MHCneg_1	1.94210289934974	0.0521246445987658
viper	Nanog	MHCneg_2	1.98647155195524	0.0469809885813088
viper	Nanog	MHCneg_3	2.3061132799502	0.0211043034623386
viper	Nanog	MHCneg_4	1.81181738083623	0.0700144185940751
viper	Ncoa1	MHCpos_1	6.41775796368779	1.38295893527326e-10
viper	Ncoa1	MHCpos_2	6.42733093450681	1.29863900594906e-10
viper	Ncoa1	MHCpos_3	6.23021970716766	4.65781483114979e-10
viper	Ncoa1	MHCpos_4	6.5564969430566	5.50864482704962e-11
viper	Ncoa1	MHCneg_1	6.42654001694195	1.30541068649436e-10
viper	Ncoa1	MHCneg_2	6.26060013061951	3.83498734954348e-10
viper	Ncoa1	MHCneg_3	6.30732523716113	2.83898853345042e-10
viper	Ncoa1	MHCneg_4	6.27053905204538	3.59800293197445e-10
viper	Ncoa2	MHCpos_1	5.47899553558881	4.27747154153207e-08
viper	Ncoa2	MHCpos_2	5.62616712479871	1.84257836477276e-08
viper	Ncoa2	MHCpos_3	5.1613117516307	2.45225406757589e-07
viper	Ncoa2	MHCpos_4	5.59818631913776	2.16605891594081e-08
viper	Ncoa2	MHCneg_1	5.50366287827187	3.71980543602882e-08
viper	Ncoa2	MHCneg_2	5.38536739372552	7.22968200552306e-08
viper	Ncoa2	MHCneg_3	5.33578077785339	9.51342874528133e-08
viper	Ncoa2	MHCneg_4	5.25520837596567	1.47856968028451e-07
viper	Ncoa3	MHCpos_1	6.46427043821221	1.017886915482e-10
viper	Ncoa3	MHCpos_2	6.51003661701033	7.51324882757278e-11
viper	Ncoa3	MHCpos_3	6.29268549422216	3.12020119928676e-10
viper	Ncoa3	MHCpos_4	6.55803508754238	5.4521382622088e-11
viper	Ncoa3	MHCneg_1	6.50040136129062	8.01059996291502e-11
viper	Ncoa3	MHCneg_2	6.42013275881698	1.36155552171523e-10
viper	Ncoa3	MHCneg_3	6.70884608349081	1.96169446771841e-11
viper	Ncoa3	MHCneg_4	6.55021611815001	5.7453875594821e-11
viper	Neurod1	MHCpos_1	5.62857617565783	1.81703254234002e-08
viper	Neurod1	MHCpos_2	5.47051070182981	4.48740607774924e-08
viper	Neurod1	MHCpos_3	5.7728056589123	7.79623433466119e-09
viper	Neurod1	MHCpos_4	5.43850790111558	5.37286276312964e-08
viper	Neurod1	MHCneg_1	5.37167842229886	7.80071306786368e-08
viper	Neurod1	MHCneg_2	5.50907706046638	3.60719978225113e-08
viper	Neurod1	MHCneg_3	6.01233442909861	1.82870570933296e-09
viper	Neurod1	MHCneg_4	5.48131746949473	4.22170139680335e-08
viper	Nfatc1	MHCpos_1	6.60549323562659	3.96195999127178e-11
viper	Nfatc1	MHCpos_2	6.53883393889332	6.20003190247008e-11
viper	Nfatc1	MHCpos_3	7.63100770864043	2.32925749821642e-14
viper	Nfatc1	MHCpos_4	6.98720563162168	2.80415104098081e-12
viper	Nfatc1	MHCneg_1	6.26662422808957	3.68959058811284e-10
viper	Nfatc1	MHCneg_2	6.27876256094467	3.41278311585627e-10
viper	Nfatc1	MHCneg_3	7.56676585737856	3.82630655970384e-14
viper	Nfatc1	MHCneg_4	6.62264367003052	3.52830847951464e-11
viper	Nfatc2	MHCpos_1	1.95416599573127	0.050681589317658
viper	Nfatc2	MHCpos_2	1.26285168490659	0.206642486138969
viper	Nfatc2	MHCpos_3	2.44904179140201	0.0143236827708853
viper	Nfatc2	MHCpos_4	1.29354133198299	0.195823898534763
viper	Nfatc2	MHCneg_1	1.05523595177295	0.291317425367455
viper	Nfatc2	MHCneg_2	1.69524937294956	0.0900281243733843
viper	Nfatc2	MHCneg_3	2.45003684427787	0.0142841597505228
viper	Nfatc2	MHCneg_4	1.7721691984684	0.0763664749334677
viper	Nfe2	MHCpos_1	7.79011314759182	6.69492145855615e-15
viper	Nfe2	MHCpos_2	6.97827407261451	2.98828279213263e-12
viper	Nfe2	MHCpos_3	8.25677657471313	1.49659192790386e-16
viper	Nfe2	MHCpos_4	7.56352279167363	3.92297039593611e-14
viper	Nfe2	MHCneg_1	6.6240529491466	3.49481485488388e-11
viper	Nfe2	MHCneg_2	6.92616694596827	4.32396160882317e-12
viper	Nfe2	MHCneg_3	7.44261713481245	9.87098648405066e-14
viper	Nfe2	MHCneg_4	7.70606431927827	1.2975724890656e-14
viper	Nfe2l1	MHCpos_1	5.63900325979596	1.71037298921319e-08
viper	Nfe2l1	MHCpos_2	5.11849086814652	3.07990147187607e-07
viper	Nfe2l1	MHCpos_3	5.81377729454221	6.10786617040656e-09
viper	Nfe2l1	MHCpos_4	5.63832140885349	1.71715781979279e-08
viper	Nfe2l1	MHCneg_1	5.08339012303258	3.70757092589511e-07
viper	Nfe2l1	MHCneg_2	5.14336787635119	2.698564600363e-07
viper	Nfe2l1	MHCneg_3	5.5649816479832	2.62180001220767e-08
viper	Nfe2l1	MHCneg_4	5.09334926567787	3.51792759932112e-07
viper	Nfe2l2	MHCpos_1	5.25552618623276	1.47601848736318e-07
viper	Nfe2l2	MHCpos_2	5.12810276159667	2.92676682253634e-07
viper	Nfe2l2	MHCpos_3	5.43261060085156	5.55355102457771e-08
viper	Nfe2l2	MHCpos_4	5.27351564803514	1.33834836763513e-07
viper	Nfe2l2	MHCneg_1	4.7269295405765	2.27940314583652e-06
viper	Nfe2l2	MHCneg_2	4.7064443963398	2.52074698851297e-06
viper	Nfe2l2	MHCneg_3	4.84655207734803	1.25625622739536e-06
viper	Nfe2l2	MHCneg_4	4.93322202070196	8.0884125326209e-07
viper	Nfic	MHCpos_1	5.11537902423485	3.13111574604504e-07
viper	Nfic	MHCpos_2	4.51806062462481	6.24086173680938e-06
viper	Nfic	MHCpos_3	4.31998676113624	1.56038561595601e-05
viper	Nfic	MHCpos_4	4.21866914380098	2.45748578106441e-05
viper	Nfic	MHCneg_1	4.77599292895451	1.7882267612443e-06
viper	Nfic	MHCneg_2	4.45058463900654	8.56368335455747e-06
viper	Nfic	MHCneg_3	3.90440202902277	9.44586468826356e-05
viper	Nfic	MHCneg_4	4.07195514035445	4.66201594031669e-05
viper	Nfkb1	MHCpos_1	4.09507822493675	4.22025870313832e-05
viper	Nfkb1	MHCpos_2	3.93664727378185	8.26279190157366e-05
viper	Nfkb1	MHCpos_3	5.19462419433239	2.05133794449013e-07
viper	Nfkb1	MHCpos_4	2.91339384533478	0.00357523370524431
viper	Nfkb1	MHCneg_1	2.71123626243691	0.00670328439075386
viper	Nfkb1	MHCneg_2	2.48413340477665	0.0129867146525169
viper	Nfkb1	MHCneg_3	3.8570209022383	0.000114777350859237
viper	Nfkb1	MHCneg_4	3.68097673900205	0.000232342202956635
viper	Nfkb2	MHCpos_1	1.22597999396975	0.220206203688007
viper	Nfkb2	MHCpos_2	1.21933187003336	0.22271825705883
viper	Nfkb2	MHCpos_3	1.02925835373307	0.30335828772702
viper	Nfkb2	MHCpos_4	1.2941147532143	0.195625786295612
viper	Nfkb2	MHCneg_1	1.28367932962386	0.19925417979793
viper	Nfkb2	MHCneg_2	1.32442496112612	0.185361949208298
viper	Nfkb2	MHCneg_3	0.711085873193529	0.477031023517087
viper	Nfkb2	MHCneg_4	1.21222780484021	0.225425190787333
viper	Nfya	MHCpos_1	5.43815445967286	5.38352948798012e-08
viper	Nfya	MHCpos_2	5.34993459720691	8.79860237034095e-08
viper	Nfya	MHCpos_3	5.60274856848494	2.10979160685994e-08
viper	Nfya	MHCpos_4	5.30480031046678	1.12796404711631e-07
viper	Nfya	MHCneg_1	4.64935492570038	3.32974793576789e-06
viper	Nfya	MHCneg_2	4.65662996305086	3.21427405688703e-06
viper	Nfya	MHCneg_3	5.17647046456448	2.26122829622891e-07
viper	Nfya	MHCneg_4	5.20777775641799	1.9111563182511e-07
viper	Nfyb	MHCpos_1	13.6772688603234	1.38809115404528e-42
viper	Nfyb	MHCpos_2	13.2805898962111	3.00021287720753e-40
viper	Nfyb	MHCpos_3	13.6606061210394	1.74524995166368e-42
viper	Nfyb	MHCpos_4	13.6041263466459	3.78463856438267e-42
viper	Nfyb	MHCneg_1	12.962958175778	1.9844443411762e-38
viper	Nfyb	MHCneg_2	13.0582839752269	5.69981375677648e-39
viper	Nfyb	MHCneg_3	13.4677178247363	2.42238091265567e-41
viper	Nfyb	MHCneg_4	13.1963572302721	9.20813453858411e-40
viper	Nr1h2	MHCpos_1	5.0905873170486	3.56956148402367e-07
viper	Nr1h2	MHCpos_2	4.97529398688234	6.51486888359795e-07
viper	Nr1h2	MHCpos_3	5.3589176291337	8.37220130175413e-08
viper	Nr1h2	MHCpos_4	4.91736307012246	8.77177726792421e-07
viper	Nr1h2	MHCneg_1	4.36787040513926	1.25463899229505e-05
viper	Nr1h2	MHCneg_2	4.81466046809993	1.47450377173983e-06
viper	Nr1h2	MHCneg_3	4.64279791991204	3.4372249586587e-06
viper	Nr1h2	MHCneg_4	4.87205516614481	1.10443318396978e-06
viper	Nr1h3	MHCpos_1	4.7835406398215	1.72234048791233e-06
viper	Nr1h3	MHCpos_2	4.56353024815195	5.03005587904154e-06
viper	Nr1h3	MHCpos_3	5.41775918022882	6.03506278398948e-08
viper	Nr1h3	MHCpos_4	4.60039697229189	4.21686547727769e-06
viper	Nr1h3	MHCneg_1	3.70625401113759	0.000210347341333129
viper	Nr1h3	MHCneg_2	4.11315907957462	3.90281243044127e-05
viper	Nr1h3	MHCneg_3	4.11822673381987	3.81798956436807e-05
viper	Nr1h3	MHCneg_4	4.26056458398223	2.03911146646488e-05
viper	Nr2c2	MHCpos_1	13.5009508152455	1.54370902472612e-41
viper	Nr2c2	MHCpos_2	13.5032854258292	1.4955510441845e-41
viper	Nr2c2	MHCpos_3	13.0648706550411	5.22733997069102e-39
viper	Nr2c2	MHCpos_4	13.281834235866	2.95076437826702e-40
viper	Nr2c2	MHCneg_1	13.7825077573384	3.24790633692092e-43
viper	Nr2c2	MHCneg_2	13.7169388760663	8.038834797726e-43
viper	Nr2c2	MHCneg_3	13.2770922805851	3.14366091948034e-40
viper	Nr2c2	MHCneg_4	13.426428290834	4.23342665468097e-41
viper	Nr2f1	MHCpos_1	5.15321807209375	2.56053909919112e-07
viper	Nr2f1	MHCpos_2	5.06899355526457	3.9992476888239e-07
viper	Nr2f1	MHCpos_3	5.52170690106806	3.35722179070041e-08
viper	Nr2f1	MHCpos_4	4.63204995816132	3.62062754084785e-06
viper	Nr2f1	MHCneg_1	5.04560501795421	4.52088491909808e-07
viper	Nr2f1	MHCneg_2	5.07688691758222	3.83669057950231e-07
viper	Nr2f1	MHCneg_3	4.94477266344633	7.62327736207885e-07
viper	Nr2f1	MHCneg_4	5.32491205337768	1.01001895261598e-07
viper	Nr2f2	MHCpos_1	0.694192938983861	0.487561220156051
viper	Nr2f2	MHCpos_2	-0.0594116518486787	0.952624232620977
viper	Nr2f2	MHCpos_3	0.308598896098229	0.75762666068915
viper	Nr2f2	MHCpos_4	0.136614051695524	0.891335868996868
viper	Nr2f2	MHCneg_1	-1.29366861642655	0.195779910131883
viper	Nr2f2	MHCneg_2	-0.698048851168344	0.48514664396724
viper	Nr2f2	MHCneg_3	0.816316927615873	0.414318895239157
viper	Nr2f2	MHCneg_4	-0.318607646802005	0.750024054115686
viper	Nr2f6	MHCpos_1	-5.48346927217194	4.17064747286896e-08
viper	Nr2f6	MHCpos_2	-5.46402461366591	4.65458954462739e-08
viper	Nr2f6	MHCpos_3	-4.96544758168408	6.85428051468954e-07
viper	Nr2f6	MHCpos_4	-4.92023374292102	8.64409181923142e-07
viper	Nr2f6	MHCneg_1	-5.0236334494991	5.07029649089175e-07
viper	Nr2f6	MHCneg_2	-5.43964607901971	5.33865199896432e-08
viper	Nr2f6	MHCneg_3	-5.55873767521607	2.71732742120444e-08
viper	Nr2f6	MHCneg_4	-5.4087969597573	6.34495123542691e-08
viper	Nr3c1	MHCpos_1	-1.66474500199268	0.0959636406187069
viper	Nr3c1	MHCpos_2	-1.57990471463702	0.114128689381074
viper	Nr3c1	MHCpos_3	-1.54734605497817	0.121779821807515
viper	Nr3c1	MHCpos_4	-0.743648170992298	0.457089352586044
viper	Nr3c1	MHCneg_1	-0.975266952953154	0.329427858531661
viper	Nr3c1	MHCneg_2	-0.903432624734986	0.366296331481535
viper	Nr3c1	MHCneg_3	-1.68807995642439	0.0913958814662868
viper	Nr3c1	MHCneg_4	-1.1846434022836	0.23615846888112
viper	Nr4a1	MHCpos_1	6.14438433956708	8.02742572809463e-10
viper	Nr4a1	MHCpos_2	5.97076621336579	2.36141922773787e-09
viper	Nr4a1	MHCpos_3	6.46825281873001	9.9142526368464e-11
viper	Nr4a1	MHCpos_4	6.05559500159953	1.39899579187948e-09
viper	Nr4a1	MHCneg_1	6.1300349466735	8.78597719688196e-10
viper	Nr4a1	MHCneg_2	5.97312038919449	2.32758003118948e-09
viper	Nr4a1	MHCneg_3	6.20626034996834	5.42602606872916e-10
viper	Nr4a1	MHCneg_4	6.32090827349054	2.60030349820778e-10
viper	Nr5a1	MHCpos_1	-0.572197366524361	0.567188271412122
viper	Nr5a1	MHCpos_2	-0.497413557113	0.618897447250991
viper	Nr5a1	MHCpos_3	-0.411992432900998	0.680344969623868
viper	Nr5a1	MHCpos_4	-0.910598402365317	0.362507012615394
viper	Nr5a1	MHCneg_1	-0.183039268218524	0.85476720748527
viper	Nr5a1	MHCneg_2	-0.351577502359793	0.725155139840694
viper	Nr5a1	MHCneg_3	-0.405532289821783	0.685086288453043
viper	Nr5a1	MHCneg_4	0.252820399233338	0.800407003375781
viper	Nr5a2	MHCpos_1	5.21950959509907	1.79397521202653e-07
viper	Nr5a2	MHCpos_2	4.94353066043023	7.6720277614187e-07
viper	Nr5a2	MHCpos_3	4.99671642466853	5.83147225529546e-07
viper	Nr5a2	MHCpos_4	4.93406630467011	8.05350801576167e-07
viper	Nr5a2	MHCneg_1	4.87635049703757	1.08066521880969e-06
viper	Nr5a2	MHCneg_2	5.10052925968673	3.38705012470324e-07
viper	Nr5a2	MHCneg_3	5.19261144638658	2.0736466409059e-07
viper	Nr5a2	MHCneg_4	4.95987952539494	7.0536911276095e-07
viper	Nrf1	MHCpos_1	11.7575620699459	6.45719291236668e-32
viper	Nrf1	MHCpos_2	11.8658585845128	1.7806633375107e-32
viper	Nrf1	MHCpos_3	11.5557601681669	6.9033900949034e-31
viper	Nrf1	MHCpos_4	11.6868059424242	1.48881012582729e-31
viper	Nrf1	MHCneg_1	11.772430385141	5.41418778557863e-32
viper	Nrf1	MHCneg_2	11.9938143950592	3.8285994149045e-33
viper	Nrf1	MHCneg_3	11.7430660172986	7.66561143475904e-32
viper	Nrf1	MHCneg_4	11.7388472439213	8.05772292882885e-32
viper	Onecut1	MHCpos_1	4.91601363470739	8.83242487458521e-07
viper	Onecut1	MHCpos_2	5.03837347590935	4.69504624432269e-07
viper	Onecut1	MHCpos_3	5.81017077515825	6.24091474790254e-09
viper	Onecut1	MHCpos_4	5.67710838226695	1.36990682266239e-08
viper	Onecut1	MHCneg_1	4.67646803932977	2.91858062514903e-06
viper	Onecut1	MHCneg_2	4.81858030467283	1.44583330937296e-06
viper	Onecut1	MHCneg_3	5.52735315528554	3.2509813384105e-08
viper	Onecut1	MHCneg_4	4.94886334624807	7.46481321333034e-07
viper	Otx2	MHCpos_1	3.15711025334963	0.00159341086768208
viper	Otx2	MHCpos_2	3.03358984161761	0.00241662742673676
viper	Otx2	MHCpos_3	4.01261844839761	6.00489308148962e-05
viper	Otx2	MHCpos_4	3.55826034388066	0.000373319195587115
viper	Otx2	MHCneg_1	3.0971297333556	0.00195404336379298
viper	Otx2	MHCneg_2	2.89833626129586	0.00375148136831202
viper	Otx2	MHCneg_3	4.41024634624696	1.03253089109333e-05
viper	Otx2	MHCneg_4	4.04101922308094	5.32193952662983e-05
viper	Pax5	MHCpos_1	7.57902622917649	3.48158126245297e-14
viper	Pax5	MHCpos_2	7.78991468585557	6.70544555752143e-15
viper	Pax5	MHCpos_3	8.13465592480959	4.13109957301035e-16
viper	Pax5	MHCpos_4	7.771564213605	7.75227615550131e-15
viper	Pax5	MHCneg_1	7.15752395520366	8.2147238898201e-13
viper	Pax5	MHCneg_2	7.01971292667512	2.22324563717972e-12
viper	Pax5	MHCneg_3	7.94778294936267	1.89878954780137e-15
viper	Pax5	MHCneg_4	7.68566584719524	1.52203294039452e-14
viper	Pax6	MHCpos_1	0.932157671417838	0.351255047158225
viper	Pax6	MHCpos_2	0.709564912979472	0.477973984259965
viper	Pax6	MHCpos_3	0.657994961577553	0.510541368718995
viper	Pax6	MHCpos_4	0.698825771877834	0.484660920437308
viper	Pax6	MHCneg_1	0.395966610889844	0.692129659992084
viper	Pax6	MHCneg_2	0.422019247918809	0.673010968247919
viper	Pax6	MHCneg_3	0.714145138163057	0.475137436908933
viper	Pax6	MHCneg_4	1.09077066579233	0.275373807180242
viper	Pax8	MHCpos_1	0.634959747958966	0.525454667719145
viper	Pax8	MHCpos_2	0.727125116731288	0.46714931370048
viper	Pax8	MHCpos_3	0.581143245845418	0.561143914373426
viper	Pax8	MHCpos_4	0.958395448715319	0.337863389372328
viper	Pax8	MHCneg_1	0.0574631180567383	0.954176285067267
viper	Pax8	MHCneg_2	-0.0639359505703162	0.949021226410959
viper	Pax8	MHCneg_3	0.376838165708648	0.706293875917899
viper	Pax8	MHCneg_4	0.516423928510134	0.605558356933522
viper	Pbx2	MHCpos_1	6.7143912615354	1.88852946306477e-11
viper	Pbx2	MHCpos_2	6.62991140598741	3.35888406156419e-11
viper	Pbx2	MHCpos_3	6.63421855294006	3.26226165415387e-11
viper	Pbx2	MHCpos_4	8.39190286460086	4.7833605190244e-17
viper	Pbx2	MHCneg_1	7.24585229172558	4.29728240051892e-13
viper	Pbx2	MHCneg_2	6.48705620225702	8.75296946188444e-11
viper	Pbx2	MHCneg_3	6.89703072350035	5.31007013580827e-12
viper	Pbx2	MHCneg_4	8.2785835099566	1.24649070276815e-16
viper	Pbx3	MHCpos_1	6.69535752427574	2.15144973015377e-11
viper	Pbx3	MHCpos_2	6.25733572223068	3.91609808486377e-10
viper	Pbx3	MHCpos_3	6.9114429580143	4.79748443616756e-12
viper	Pbx3	MHCpos_4	6.23247792004898	4.59114268032258e-10
viper	Pbx3	MHCneg_1	5.89427841744124	3.76322201142924e-09
viper	Pbx3	MHCneg_2	6.54305379463212	6.02751360888641e-11
viper	Pbx3	MHCneg_3	6.45008027224829	1.11790923804678e-10
viper	Pbx3	MHCneg_4	5.81085197359253	6.21557048793328e-09
viper	Pdx1	MHCpos_1	6.49678316253485	8.20555964690093e-11
viper	Pdx1	MHCpos_2	6.14797865397335	7.84765916399629e-10
viper	Pdx1	MHCpos_3	6.31694446309355	2.66785400874943e-10
viper	Pdx1	MHCpos_4	6.06710609892618	1.30235527274552e-09
viper	Pdx1	MHCneg_1	5.60861798214841	2.03948643870506e-08
viper	Pdx1	MHCneg_2	6.07491875352942	1.24050512176594e-09
viper	Pdx1	MHCneg_3	6.46613853471909	1.00538913601947e-10
viper	Pdx1	MHCneg_4	6.17325993378838	6.68960943225831e-10
viper	Pgr	MHCpos_1	0.263067193212992	0.792498789608192
viper	Pgr	MHCpos_2	0.554232428872791	0.579419787480841
viper	Pgr	MHCpos_3	0.338748953098177	0.734798859380561
viper	Pgr	MHCpos_4	0.570854743237232	0.568098110936597
viper	Pgr	MHCneg_1	0.301929566284439	0.762705756310732
viper	Pgr	MHCneg_2	0.524143495817237	0.600178737792197
viper	Pgr	MHCneg_3	0.117546727914564	0.906426817150597
viper	Pgr	MHCneg_4	0.353855491399918	0.723447184328536
viper	Pknox1	MHCpos_1	7.2057438704218	5.77278250813376e-13
viper	Pknox1	MHCpos_2	7.13376857378397	9.76574759641039e-13
viper	Pknox1	MHCpos_3	7.08279377051465	1.41276846653465e-12
viper	Pknox1	MHCpos_4	5.04712489438425	4.4850817628359e-07
viper	Pknox1	MHCneg_1	7.03985456222126	1.9244059121872e-12
viper	Pknox1	MHCneg_2	7.09922557115819	1.2545789834085e-12
viper	Pknox1	MHCneg_3	7.27174375544984	3.54876297613857e-13
viper	Pknox1	MHCneg_4	5.63734913190862	1.72687779184823e-08
viper	Pou2f1	MHCpos_1	3.3593617005881	0.000781227430651411
viper	Pou2f1	MHCpos_2	3.36406530916598	0.000768033662948153
viper	Pou2f1	MHCpos_3	3.50875364921404	0.000450211707145778
viper	Pou2f1	MHCpos_4	3.5582435201696	0.000373343102670338
viper	Pou2f1	MHCneg_1	3.05588635858858	0.00224396288332056
viper	Pou2f1	MHCneg_2	3.42283085548241	0.000619726273665051
viper	Pou2f1	MHCneg_3	3.95445332264487	7.6709845327174e-05
viper	Pou2f1	MHCneg_4	3.86226983169044	0.000112338388120122
viper	Pou2f2	MHCpos_1	10.6199681749721	2.40643150268228e-26
viper	Pou2f2	MHCpos_2	10.431173254799	1.78668378210189e-25
viper	Pou2f2	MHCpos_3	11.9002232707112	1.18030945340483e-32
viper	Pou2f2	MHCpos_4	10.612557224928	2.6051955570678e-26
viper	Pou2f2	MHCneg_1	8.9360642570895	4.03277520587149e-19
viper	Pou2f2	MHCneg_2	9.97744269933093	1.91334474272762e-23
viper	Pou2f2	MHCneg_3	11.3189970747859	1.05673929087121e-29
viper	Pou2f2	MHCneg_4	10.7048895766898	9.65456992549415e-27
viper	Pou4f2	MHCpos_1	4.52248585658566	6.11175716964768e-06
viper	Pou4f2	MHCpos_2	4.48355409314563	7.34099824527282e-06
viper	Pou4f2	MHCpos_3	5.14193241275011	2.71926947355479e-07
viper	Pou4f2	MHCpos_4	5.34440189159011	9.07160936712008e-08
viper	Pou4f2	MHCneg_1	3.79304824293813	0.000148809231752722
viper	Pou4f2	MHCneg_2	4.12159255295979	3.76262247954661e-05
viper	Pou4f2	MHCneg_3	5.29481320782078	1.1913812747495e-07
viper	Pou4f2	MHCneg_4	4.42944709241155	9.44749859082363e-06
viper	Pou5f1	MHCpos_1	4.59215961479653	4.38682641447321e-06
viper	Pou5f1	MHCpos_2	4.81216084982104	1.49307107087805e-06
viper	Pou5f1	MHCpos_3	5.33395768042312	9.60949280787091e-08
viper	Pou5f1	MHCpos_4	4.32859199433129	1.50065648005621e-05
viper	Pou5f1	MHCneg_1	4.25973632222289	2.04668203085549e-05
viper	Pou5f1	MHCneg_2	4.54374240698379	5.52641858831894e-06
viper	Pou5f1	MHCneg_3	5.20062214542973	1.98622535527036e-07
viper	Pou5f1	MHCneg_4	4.88952693468011	1.01078592330365e-06
viper	Ppara	MHCpos_1	0.488840597666481	0.624954553514738
viper	Ppara	MHCpos_2	0.793599524843421	0.427428609170762
viper	Ppara	MHCpos_3	0.798274314943439	0.424711319913551
viper	Ppara	MHCpos_4	0.658803636606128	0.510021871761176
viper	Ppara	MHCneg_1	0.358114817460452	0.720257390710497
viper	Ppara	MHCneg_2	0.439129395844487	0.660567780295416
viper	Ppara	MHCneg_3	-0.00978186938344387	0.992195321908421
viper	Ppara	MHCneg_4	0.0820852875565527	0.934578892468498
viper	Pparg	MHCpos_1	3.1652330207904	0.00154958796804215
viper	Pparg	MHCpos_2	3.03409908547696	0.00241255177928343
viper	Pparg	MHCpos_3	4.45349814735379	8.44824374280116e-06
viper	Pparg	MHCpos_4	2.93099869568479	0.00337874200091383
viper	Pparg	MHCneg_1	2.35004073885785	0.0187713564450778
viper	Pparg	MHCneg_2	2.30615565794221	0.0211019362578351
viper	Pparg	MHCneg_3	2.47811009430918	0.0132080383163063
viper	Pparg	MHCneg_4	2.31854934725334	0.0204194843119464
viper	Prdm1	MHCpos_1	5.08251699225402	3.72465978474493e-07
viper	Prdm1	MHCpos_2	4.95166918379264	7.35796106948116e-07
viper	Prdm1	MHCpos_3	5.25649836951813	1.46824077785491e-07
viper	Prdm1	MHCpos_4	5.0205647839297	5.15197711641161e-07
viper	Prdm1	MHCneg_1	4.83481161155393	1.33271786647789e-06
viper	Prdm1	MHCneg_2	4.36821695224169	1.25265026500485e-05
viper	Prdm1	MHCneg_3	5.07518442495264	3.87120342718053e-07
viper	Prdm1	MHCneg_4	4.71235928707226	2.4486515880144e-06
viper	Prdm14	MHCpos_1	6.44376583282147	1.16544857551577e-10
viper	Prdm14	MHCpos_2	5.54994963334644	2.85751910412157e-08
viper	Prdm14	MHCpos_3	5.46640995763612	4.59241537824718e-08
viper	Prdm14	MHCpos_4	4.41801617273241	9.9610968998759e-06
viper	Prdm14	MHCneg_1	4.89559538039196	9.8008540394387e-07
viper	Prdm14	MHCneg_2	5.18862072786988	2.11857391832352e-07
viper	Prdm14	MHCneg_3	5.5406627737872	3.01328999875182e-08
viper	Prdm14	MHCneg_4	5.7198320712447	1.06629385942818e-08
viper	Prox1	MHCpos_1	4.78562058008731	1.70459810095875e-06
viper	Prox1	MHCpos_2	4.92815274700645	8.30107107076487e-07
viper	Prox1	MHCpos_3	5.22789530600959	1.71450543013249e-07
viper	Prox1	MHCpos_4	4.67443895837993	2.94758286404428e-06
viper	Prox1	MHCneg_1	4.65760575627953	3.19908094627602e-06
viper	Prox1	MHCneg_2	4.77768966988399	1.77320763107173e-06
viper	Prox1	MHCneg_3	5.1824087312902	2.19038557228338e-07
viper	Prox1	MHCneg_4	5.37237696012294	7.77054502294744e-08
viper	Rara	MHCpos_1	4.17297360880445	3.00649778374798e-05
viper	Rara	MHCpos_2	3.69273246144076	0.000221857386553146
viper	Rara	MHCpos_3	3.501849789812	0.000462040029540795
viper	Rara	MHCpos_4	3.08742159945859	0.00201901021973179
viper	Rara	MHCneg_1	3.04142568241962	0.00235460683505454
viper	Rara	MHCneg_2	3.55602587533513	0.000376507012126622
viper	Rara	MHCneg_3	3.98362677778243	6.78714370969146e-05
viper	Rara	MHCneg_4	3.86833814991174	0.000109579633514714
viper	Rbpj	MHCpos_1	8.36505417195898	6.00873123446096e-17
viper	Rbpj	MHCpos_2	8.38468979052527	5.08597001339589e-17
viper	Rbpj	MHCpos_3	9.55323689199057	1.25706030474337e-21
viper	Rbpj	MHCpos_4	8.33797007968293	7.55766901184867e-17
viper	Rbpj	MHCneg_1	7.64860474398732	2.03171685107634e-14
viper	Rbpj	MHCneg_2	7.9387543160418	2.04221833593573e-15
viper	Rbpj	MHCneg_3	9.45097805787749	3.35679271018252e-21
viper	Rbpj	MHCneg_4	9.02044221246608	1.87331563943228e-19
viper	Rel	MHCpos_1	2.61689678296274	0.00887331685572952
viper	Rel	MHCpos_2	1.28837420118128	0.19761573486204
viper	Rel	MHCpos_3	2.67773315063892	0.00741222452406698
viper	Rel	MHCpos_4	1.21250293672361	0.225319919120566
viper	Rel	MHCneg_1	1.55926694734342	0.118933211300129
viper	Rel	MHCneg_2	2.68786187215048	0.00719111364825698
viper	Rel	MHCneg_3	3.22166701622665	0.00127447158048843
viper	Rel	MHCneg_4	2.78611641309306	0.00533437106812959
viper	Rela	MHCpos_1	2.36177623046135	0.018187616628523
viper	Rela	MHCpos_2	2.29608875964871	0.02167080686126
viper	Rela	MHCpos_3	2.69355172606805	0.00706951748967588
viper	Rela	MHCpos_4	2.17603202525142	0.0295528659718683
viper	Rela	MHCneg_1	1.09913620218759	0.271708661175113
viper	Rela	MHCneg_2	1.51173560396327	0.130601137268223
viper	Rela	MHCneg_3	2.20350213947355	0.0275593763439978
viper	Rela	MHCneg_4	1.70422376478099	0.0883392910411181
viper	Relb	MHCpos_1	1.11526518373089	0.264736800401078
viper	Relb	MHCpos_2	0.810812036722163	0.417473621055087
viper	Relb	MHCpos_3	0.808791968136528	0.41863481694237
viper	Relb	MHCpos_4	0.976708687764602	0.328713392876301
viper	Relb	MHCneg_1	0.294975092454201	0.768012906927779
viper	Relb	MHCneg_2	0.0130451021460727	0.989591809606152
viper	Relb	MHCneg_3	0.660287263854865	0.509069501673167
viper	Relb	MHCneg_4	0.359126255842172	0.719500640669117
viper	Rest	MHCpos_1	0.215198714818229	0.829612392882147
viper	Rest	MHCpos_2	0.481604809791021	0.630086708752533
viper	Rest	MHCpos_3	0.106859570775079	0.914900387326085
viper	Rest	MHCpos_4	-0.0505659917644755	0.959671362781319
viper	Rest	MHCneg_1	0.419946006402879	0.6745248978349
viper	Rest	MHCneg_2	0.739494352204551	0.459606867970806
viper	Rest	MHCneg_3	-0.570983289512657	0.568010970298372
viper	Rest	MHCneg_4	0.17267200194256	0.862909252397531
viper	Rfx1	MHCpos_1	4.91176736926902	9.02591019210526e-07
viper	Rfx1	MHCpos_2	5.01758201586544	5.23258658502922e-07
viper	Rfx1	MHCpos_3	5.17718685675568	2.25256582667171e-07
viper	Rfx1	MHCpos_4	4.79590366434168	1.61943099297566e-06
viper	Rfx1	MHCneg_1	4.51379647892333	6.36773268481085e-06
viper	Rfx1	MHCneg_2	4.46973261297698	7.83174431073866e-06
viper	Rfx1	MHCneg_3	4.32759590704876	1.50745711396849e-05
viper	Rfx1	MHCneg_4	4.72633955096307	2.28603266384925e-06
viper	Rfx2	MHCpos_1	3.67837891764312	0.0002347210742942
viper	Rfx2	MHCpos_2	3.81430114884942	0.000136568850603088
viper	Rfx2	MHCpos_3	3.49273945699535	0.00047809273127989
viper	Rfx2	MHCpos_4	3.69076085736239	0.000223584267287998
viper	Rfx2	MHCneg_1	3.53174075926562	0.000412833861591753
viper	Rfx2	MHCneg_2	3.39044509856331	0.000697792294723836
viper	Rfx2	MHCneg_3	3.99590334522801	6.44480263678585e-05
viper	Rfx2	MHCneg_4	3.50773964611843	0.000451931103200841
viper	Rfx5	MHCpos_1	4.28616836573416	1.81781238404968e-05
viper	Rfx5	MHCpos_2	3.81939699073538	0.000133778310710768
viper	Rfx5	MHCpos_3	4.8850668032463	1.03393792091563e-06
viper	Rfx5	MHCpos_4	3.42043451780594	0.000625211854432078
viper	Rfx5	MHCneg_1	2.82505219859276	0.00472729141649099
viper	Rfx5	MHCneg_2	2.50651468086316	0.012192799423564
viper	Rfx5	MHCneg_3	3.37080034572938	0.000749501555168562
viper	Rfx5	MHCneg_4	3.28677067382596	0.00101343326999844
viper	Rreb1	MHCpos_1	1.95978692652763	0.0500206999271957
viper	Rreb1	MHCpos_2	1.61219719621984	0.106919035214573
viper	Rreb1	MHCpos_3	1.76482439753265	0.0775932829338697
viper	Rreb1	MHCpos_4	1.84673682554973	0.0647852917597178
viper	Rreb1	MHCneg_1	1.89068688081476	0.0586661547535454
viper	Rreb1	MHCneg_2	1.60041073530861	0.109507495128964
viper	Rreb1	MHCneg_3	1.67166676815561	0.0945900506440765
viper	Rreb1	MHCneg_4	1.77237037652111	0.0763330958686536
viper	Runx1	MHCpos_1	2.29727280516316	0.0216032121431934
viper	Runx1	MHCpos_2	2.6077907445576	0.00911286438127598
viper	Runx1	MHCpos_3	3.12362024233186	0.00178640856872672
viper	Runx1	MHCpos_4	2.46595865233449	0.0136647106971406
viper	Runx1	MHCneg_1	1.8647259990878	0.0622198205562676
viper	Runx1	MHCneg_2	2.3848996828073	0.0170837791982456
viper	Runx1	MHCneg_3	3.16255532696172	0.0015639101476728
viper	Runx1	MHCneg_4	2.76784293853106	0.00564286426004329
viper	Runx2	MHCpos_1	7.54299148300998	4.59311164180593e-14
viper	Runx2	MHCpos_2	7.44592164455722	9.62699350262878e-14
viper	Runx2	MHCpos_3	8.64148949377105	5.54848519548602e-18
viper	Runx2	MHCpos_4	7.84429340057122	4.35398058294321e-15
viper	Runx2	MHCneg_1	6.2579684690474	3.9002464850732e-10
viper	Runx2	MHCneg_2	6.49028899856886	8.56718745042464e-11
viper	Runx2	MHCneg_3	8.77906999824575	1.64831923476957e-18
viper	Runx2	MHCneg_4	7.89422818251286	2.92117294385079e-15
viper	Runx3	MHCpos_1	2.1498485046425	0.0315672000292962
viper	Runx3	MHCpos_2	2.05895297767257	0.0394987432675238
viper	Runx3	MHCpos_3	2.7748303461343	0.00552305107494533
viper	Runx3	MHCpos_4	1.79326602976269	0.0729303964483622
viper	Runx3	MHCneg_1	1.5429315978971	0.122847373226363
viper	Runx3	MHCneg_2	1.49055573947374	0.136078172031494
viper	Runx3	MHCneg_3	2.13361150245261	0.032874595632512
viper	Runx3	MHCneg_4	1.72920741118711	0.0837719804177268
viper	Rxra	MHCpos_1	1.20553316658331	0.227997542234188
viper	Rxra	MHCpos_2	1.25270273159263	0.210313911508459
viper	Rxra	MHCpos_3	1.55021841157021	0.121089102168507
viper	Rxra	MHCpos_4	1.42319055269938	0.154680923533181
viper	Rxra	MHCneg_1	1.38997910289137	0.16453522309696
viper	Rxra	MHCneg_2	1.30505448871028	0.191874294368274
viper	Rxra	MHCneg_3	1.47285700821478	0.140789596595301
viper	Rxra	MHCneg_4	1.68683058797293	0.0916359320300432
viper	Six2	MHCpos_1	4.23267292500429	2.30930228043722e-05
viper	Six2	MHCpos_2	3.90291998144292	9.50391298840557e-05
viper	Six2	MHCpos_3	4.64710607968037	3.36624082218914e-06
viper	Six2	MHCpos_4	3.77565476046435	0.000159587902622762
viper	Six2	MHCneg_1	3.78498832102876	0.000153715797106873
viper	Six2	MHCneg_2	3.45177076137914	0.000556920667794943
viper	Six2	MHCneg_3	4.4616109512322	8.13458104034911e-06
viper	Six2	MHCneg_4	4.05388595987954	5.03737802284395e-05
viper	Six5	MHCpos_1	5.8934328800117	3.78253785061975e-09
viper	Six5	MHCpos_2	5.76552448880943	8.14042802390676e-09
viper	Six5	MHCpos_3	5.74619124553808	9.12760663181189e-09
viper	Six5	MHCpos_4	5.77580024506199	7.65881936546766e-09
viper	Six5	MHCneg_1	5.90749888262824	3.4734068456085e-09
viper	Six5	MHCneg_2	5.89739018391211	3.69295885175622e-09
viper	Six5	MHCneg_3	5.5911659488522	2.25549883066816e-08
viper	Six5	MHCneg_4	5.63050104894236	1.7968684830789e-08
viper	Smad1	MHCpos_1	5.18764943151533	2.12965023130748e-07
viper	Smad1	MHCpos_2	4.72372624934869	2.31562074830825e-06
viper	Smad1	MHCpos_3	5.24130047752202	1.59448823961879e-07
viper	Smad1	MHCpos_4	4.75877559850224	1.94770821882238e-06
viper	Smad1	MHCneg_1	4.42039575535429	9.85203037630523e-06
viper	Smad1	MHCneg_2	4.47607904641953	7.60263463675787e-06
viper	Smad1	MHCneg_3	4.72891247403301	2.2572566015526e-06
viper	Smad1	MHCneg_4	4.59051265393483	4.42158648790591e-06
viper	Smad3	MHCpos_1	1.46106246160323	0.14399830075033
viper	Smad3	MHCpos_2	0.375798892913894	0.707066410908263
viper	Smad3	MHCpos_3	1.76189759293716	0.0780866013922277
viper	Smad3	MHCpos_4	0.877988662300988	0.379949871504175
viper	Smad3	MHCneg_1	1.79671045041204	0.072381599040791
viper	Smad3	MHCneg_2	0.137055440368076	0.890986973445913
viper	Smad3	MHCneg_3	1.27974434557906	0.200635062966794
viper	Smad3	MHCneg_4	0.550798817793485	0.581771594669929
viper	Smad4	MHCpos_1	-0.140666207738144	0.888133641920102
viper	Smad4	MHCpos_2	-0.0433889458757667	0.965391489317402
viper	Smad4	MHCpos_3	-1.36615506482486	0.171890298005349
viper	Smad4	MHCpos_4	1.67777131051469	0.0933917521101241
viper	Smad4	MHCneg_1	1.89548200423185	0.0580285736468291
viper	Smad4	MHCneg_2	1.57366612436293	0.115564657353746
viper	Smad4	MHCneg_3	-0.629040660548722	0.529322436989319
viper	Smad4	MHCneg_4	1.39787390092299	0.162150937318343
viper	Smad5	MHCpos_1	5.78077847226009	7.43557481350979e-09
viper	Smad5	MHCpos_2	5.70836661881892	1.14065514581786e-08
viper	Smad5	MHCpos_3	5.6495358424721	1.60881639698483e-08
viper	Smad5	MHCpos_4	5.62420776489504	1.86361247125115e-08
viper	Smad5	MHCneg_1	5.76845524687018	8.00014512718711e-09
viper	Smad5	MHCneg_2	5.47436236320887	4.39089757982891e-08
viper	Smad5	MHCneg_3	5.75811487643271	8.50584651216475e-09
viper	Smad5	MHCneg_4	5.60498064639133	2.08278235735247e-08
viper	Snai2	MHCpos_1	-7.62314649117959	2.47565654696101e-14
viper	Snai2	MHCpos_2	-7.52327946441303	5.3419070834699e-14
viper	Snai2	MHCpos_3	-7.41241555925036	1.24019421600105e-13
viper	Snai2	MHCpos_4	-7.33879862424863	2.15519592325599e-13
viper	Snai2	MHCneg_1	-7.40141487776746	1.34741039133139e-13
viper	Snai2	MHCneg_2	-7.604340505451	2.86360383407013e-14
viper	Snai2	MHCneg_3	-7.93085169666131	2.17648007413756e-15
viper	Snai2	MHCneg_4	-7.87419849636525	3.429341236507e-15
viper	Snapc4	MHCpos_1	7.0249926552859	2.14077509095595e-12
viper	Snapc4	MHCpos_2	6.76251377779402	1.3561777731176e-11
viper	Snapc4	MHCpos_3	6.41480712953144	1.41001256513459e-10
viper	Snapc4	MHCpos_4	6.67718966754223	2.43567646955313e-11
viper	Snapc4	MHCneg_1	6.88021514609741	5.97622336111997e-12
viper	Snapc4	MHCneg_2	7.1808291059574	6.92899198939056e-13
viper	Snapc4	MHCneg_3	6.65643201965934	2.80554805458839e-11
viper	Snapc4	MHCneg_4	6.79891506494708	1.054099356535e-11
viper	Sox10	MHCpos_1	1.56485531868286	0.117616837386091
viper	Sox10	MHCpos_2	0.982672775700195	0.325768513775103
viper	Sox10	MHCpos_3	1.58727498567227	0.112450378039311
viper	Sox10	MHCpos_4	0.623416843299886	0.533010632365885
viper	Sox10	MHCneg_1	1.20268799188562	0.229097082471599
viper	Sox10	MHCneg_2	1.25305647219697	0.210185155540657
viper	Sox10	MHCneg_3	1.2051386890376	0.22814976629522
viper	Sox10	MHCneg_4	0.944546499653543	0.344890451636644
viper	Sox11	MHCpos_1	3.12292254853868	0.00179064862709367
viper	Sox11	MHCpos_2	3.19881036722163	0.00137995906402221
viper	Sox11	MHCpos_3	3.16164171690052	0.0015688245948994
viper	Sox11	MHCpos_4	3.61177936043947	0.000304103253781121
viper	Sox11	MHCneg_1	2.99661959992925	0.00272991129160439
viper	Sox11	MHCneg_2	2.6918188156788	0.00710635402002712
viper	Sox11	MHCneg_3	3.65223501628647	0.000259967797633759
viper	Sox11	MHCneg_4	2.78063014755277	0.00542535080172118
viper	Sox13	MHCpos_1	5.53888633898528	3.04401112787113e-08
viper	Sox13	MHCpos_2	5.59205835357822	2.24393373404745e-08
viper	Sox13	MHCpos_3	5.49987381499167	3.80063140106749e-08
viper	Sox13	MHCpos_4	4.69932947311327	2.61017065983023e-06
viper	Sox13	MHCneg_1	4.94307549394037	7.68996878353166e-07
viper	Sox13	MHCneg_2	4.84422908010683	1.27104218020163e-06
viper	Sox13	MHCneg_3	5.29465841244553	1.19239085987719e-07
viper	Sox13	MHCneg_4	5.5938054174437	2.22145912259893e-08
viper	Sox2	MHCpos_1	0.84958180790686	0.395557629729278
viper	Sox2	MHCpos_2	0.586232215388015	0.557719475536281
viper	Sox2	MHCpos_3	0.528750386857506	0.596978618615361
viper	Sox2	MHCpos_4	1.17089409853115	0.241641347555809
viper	Sox2	MHCneg_1	-0.0769843891828958	0.938635963736476
viper	Sox2	MHCneg_2	-0.0400453614762465	0.968056962048606
viper	Sox2	MHCneg_3	0.711935232634446	0.476504883449475
viper	Sox2	MHCneg_4	0.434292321703629	0.664076178891347
viper	Sox6	MHCpos_1	5.59949759319081	2.14973918007712e-08
viper	Sox6	MHCpos_2	5.46453515915613	4.64121388205048e-08
viper	Sox6	MHCpos_3	5.91330399514929	3.35312489872914e-09
viper	Sox6	MHCpos_4	5.56316562902396	2.64924222665281e-08
viper	Sox6	MHCneg_1	5.18368624955422	2.17542774461272e-07
viper	Sox6	MHCneg_2	5.47489720749649	4.3776564952014e-08
viper	Sox6	MHCneg_3	5.914904478588	3.32068239582358e-09
viper	Sox6	MHCneg_4	5.68301703666457	1.32339080124127e-08
viper	Sox9	MHCpos_1	0.223347132801493	0.823265346917706
viper	Sox9	MHCpos_2	0.754482346560195	0.450559641735193
viper	Sox9	MHCpos_3	1.49487888508673	0.134946053815924
viper	Sox9	MHCpos_4	0.808528374985963	0.418786478254938
viper	Sox9	MHCneg_1	0.542706734167177	0.587331736902025
viper	Sox9	MHCneg_2	-0.0366026061925493	0.970801865483262
viper	Sox9	MHCneg_3	0.655900586476459	0.511888090841246
viper	Sox9	MHCneg_4	1.08253823380673	0.279013435930868
viper	Sp1	MHCpos_1	9.49894812177484	2.12021081820123e-21
viper	Sp1	MHCpos_2	8.79765393729707	1.3970608643151e-18
viper	Sp1	MHCpos_3	10.1246016481646	4.29724950354572e-24
viper	Sp1	MHCpos_4	8.61517543212563	6.98345822573362e-18
viper	Sp1	MHCneg_1	9.13250452824008	6.69325841134671e-20
viper	Sp1	MHCneg_2	9.35111075590088	8.67320313164745e-21
viper	Sp1	MHCneg_3	10.0277740189549	1.15081740248273e-23
viper	Sp1	MHCneg_4	9.45269085160334	3.30230119997851e-21
viper	Sp2	MHCpos_1	5.44903161287848	5.06448118295966e-08
viper	Sp2	MHCpos_2	5.63951561461359	1.7052918863485e-08
viper	Sp2	MHCpos_3	5.33070571573787	9.7831842046177e-08
viper	Sp2	MHCpos_4	4.81315137351654	1.48568667435288e-06
viper	Sp2	MHCneg_1	5.50528684092267	3.68567668683002e-08
viper	Sp2	MHCneg_2	5.48095689042236	4.23031560667539e-08
viper	Sp2	MHCneg_3	4.98423177980056	6.22084735151205e-07
viper	Sp2	MHCneg_4	5.28381651183947	1.26519976454916e-07
viper	Sp3	MHCpos_1	1.77757484334105	0.0754737085363139
viper	Sp3	MHCpos_2	1.49298221670748	0.135441841970579
viper	Sp3	MHCpos_3	1.9459545996823	0.0516601934187613
viper	Sp3	MHCpos_4	0.79296199089155	0.427799968075846
viper	Sp3	MHCneg_1	1.00090623253895	0.316872143095073
viper	Sp3	MHCneg_2	1.37989679628947	0.167618423161718
viper	Sp3	MHCneg_3	1.28657581298436	0.198242178549289
viper	Sp3	MHCneg_4	1.03988447525969	0.298393575988507
viper	Sp4	MHCpos_1	9.78181287340222	1.3477454758125e-22
viper	Sp4	MHCpos_2	9.52376524983955	1.6701550892884e-21
viper	Sp4	MHCpos_3	9.80359557258671	1.08647814913045e-22
viper	Sp4	MHCpos_4	8.87592891658767	6.93521283093436e-19
viper	Sp4	MHCneg_1	9.22333899899973	2.87989592462849e-20
viper	Sp4	MHCneg_2	9.35058030481212	8.71681428915708e-21
viper	Sp4	MHCneg_3	9.3142817730389	1.22780400843736e-20
viper	Sp4	MHCneg_4	9.5564071330104	1.21915734571681e-21
viper	Spi1	MHCpos_1	12.6698762980917	8.68512493688293e-37
viper	Spi1	MHCpos_2	11.6494921978077	2.30830188406585e-31
viper	Spi1	MHCpos_3	13.8261309728482	1.77303718330435e-43
viper	Spi1	MHCpos_4	12.2447763696957	1.79170261029915e-34
viper	Spi1	MHCneg_1	11.287222884779	1.51756020538164e-29
viper	Spi1	MHCneg_2	11.8262022320439	2.85781649491139e-32
viper	Spi1	MHCneg_3	13.4945820698997	1.68306849003424e-41
viper	Spi1	MHCneg_4	13.1865462638868	1.04881242833771e-39
viper	Spib	MHCpos_1	6.50029874019842	8.0160665665009e-11
viper	Spib	MHCpos_2	6.61640872414513	3.68029933956545e-11
viper	Spib	MHCpos_3	7.65489398405865	1.93471783084903e-14
viper	Spib	MHCpos_4	6.44075799548386	1.1887829340126e-10
viper	Spib	MHCneg_1	5.95332547028503	2.62748033143942e-09
viper	Spib	MHCneg_2	5.85067798964788	4.89573239528347e-09
viper	Spib	MHCneg_3	7.72852180596156	1.08802548767114e-14
viper	Spib	MHCneg_4	7.12764002169552	1.02104385229955e-12
viper	Srebf1	MHCpos_1	5.32972403901328	9.83621124326496e-08
viper	Srebf1	MHCpos_2	4.92851493052854	8.28570037254561e-07
viper	Srebf1	MHCpos_3	5.05922267721818	4.20969033677362e-07
viper	Srebf1	MHCpos_4	4.40193444706584	1.07289976138776e-05
viper	Srebf1	MHCneg_1	4.75324147937709	2.00181018831902e-06
viper	Srebf1	MHCneg_2	4.44756960830919	8.68473202617666e-06
viper	Srebf1	MHCneg_3	4.83258807067933	1.3476945962704e-06
viper	Srebf1	MHCneg_4	4.95606145455763	7.19364714484117e-07
viper	Srebf2	MHCpos_1	2.671143342854	0.0075593357988005
viper	Srebf2	MHCpos_2	2.38300200643125	0.017172100735867
viper	Srebf2	MHCpos_3	2.30507384292883	0.0211624381503987
viper	Srebf2	MHCpos_4	2.48467999745372	0.0129667936563428
viper	Srebf2	MHCneg_1	2.79979521622494	0.00511350350257114
viper	Srebf2	MHCneg_2	2.72247547247306	0.00647948430679405
viper	Srebf2	MHCneg_3	2.89085673871523	0.0038419321306993
viper	Srebf2	MHCneg_4	2.99243689641548	0.00276759876733909
viper	Srf	MHCpos_1	3.22583814563322	0.00125604365462912
viper	Srf	MHCpos_2	2.35485172187941	0.0185300981558433
viper	Srf	MHCpos_3	2.84671160607898	0.00441733602830505
viper	Srf	MHCpos_4	1.9426718247458	0.0520558225848113
viper	Srf	MHCneg_1	2.92270922630875	0.00347000400130052
viper	Srf	MHCneg_2	2.39388688467272	0.016670889206872
viper	Srf	MHCneg_3	2.27619296569854	0.0228344627547984
viper	Srf	MHCneg_4	2.34503335222281	0.0190253776375026
viper	Stat1	MHCpos_1	10.2981043812762	7.18634263689528e-25
viper	Stat1	MHCpos_2	9.93328256825517	2.9827136820075e-23
viper	Stat1	MHCpos_3	10.9806104701429	4.73711693635855e-28
viper	Stat1	MHCpos_4	9.46535302950036	2.92571086149669e-21
viper	Stat1	MHCneg_1	8.93723240129965	3.99038554171184e-19
viper	Stat1	MHCneg_2	9.19437287058538	3.77188310327664e-20
viper	Stat1	MHCneg_3	10.3132195790852	6.14089172020048e-25
viper	Stat1	MHCneg_4	10.2956039747049	7.37552542813063e-25
viper	Stat2	MHCpos_1	0.585041181831168	0.558520026488941
viper	Stat2	MHCpos_2	0.522373114598432	0.601410571436211
viper	Stat2	MHCpos_3	0.765669291542589	0.443873103464723
viper	Stat2	MHCpos_4	0.443261587780361	0.65757653632455
viper	Stat2	MHCneg_1	0.55158521743207	0.581232566723338
viper	Stat2	MHCneg_2	0.522078533718668	0.601615651885677
viper	Stat2	MHCneg_3	0.772061101949527	0.44007823916324
viper	Stat2	MHCneg_4	0.707544911815863	0.479227913004694
viper	Stat3	MHCpos_1	3.04239319453957	0.00234705092228382
viper	Stat3	MHCpos_2	2.59926462943367	0.00934237218704463
viper	Stat3	MHCpos_3	3.15689007802336	0.0015946144565406
viper	Stat3	MHCpos_4	3.03934043989418	0.00237096759871013
viper	Stat3	MHCneg_1	2.79848787386307	0.0051342497226179
viper	Stat3	MHCneg_2	2.71191117714472	0.0066896515850379
viper	Stat3	MHCneg_3	4.273007069338	1.9285434013983e-05
viper	Stat3	MHCneg_4	3.66014282548847	0.000252074703506604
viper	Stat4	MHCpos_1	3.17724719541269	0.00148680249950543
viper	Stat4	MHCpos_2	3.21209040240216	0.00131772902733647
viper	Stat4	MHCpos_3	3.44714003512741	0.000566554837328922
viper	Stat4	MHCpos_4	2.22874363252619	0.0258309673302489
viper	Stat4	MHCneg_1	2.35859714017941	0.0183441580012051
viper	Stat4	MHCneg_2	3.17555099499324	0.00149552233273083
viper	Stat4	MHCneg_3	3.30456145283822	0.000951251189546489
viper	Stat4	MHCneg_4	3.30128532050535	0.000962429557395186
viper	Stat5a	MHCpos_1	3.59355078056157	0.000326202039248032
viper	Stat5a	MHCpos_2	3.60060687444518	0.000317475295782414
viper	Stat5a	MHCpos_3	3.84170569293162	0.000122182284387641
viper	Stat5a	MHCpos_4	3.33746329304358	0.000845468887621338
viper	Stat5a	MHCneg_1	2.73284500513332	0.00627898725442026
viper	Stat5a	MHCneg_2	2.92784399991992	0.00341321251917357
viper	Stat5a	MHCneg_3	4.08875957704505	4.33686058354187e-05
viper	Stat5a	MHCneg_4	3.64933737176135	0.000262917624550488
viper	Stat5b	MHCpos_1	0.973131338078104	0.330488030631212
viper	Stat5b	MHCpos_2	1.40450357765162	0.160168947073284
viper	Stat5b	MHCpos_3	2.01789053614525	0.0436026629008327
viper	Stat5b	MHCpos_4	0.391734513421858	0.695254386024327
viper	Stat5b	MHCneg_1	0.0944522330271885	0.924749925264409
viper	Stat5b	MHCneg_2	0.466140285669646	0.641115088847577
viper	Stat5b	MHCneg_3	1.31398642643836	0.188850772083106
viper	Stat5b	MHCneg_4	0.773630477332936	0.43914934363814
viper	Stat6	MHCpos_1	3.87894075958427	0.000104912297893108
viper	Stat6	MHCpos_2	3.21597100224098	0.00130003967594707
viper	Stat6	MHCpos_3	3.27936376712236	0.00104041429915874
viper	Stat6	MHCpos_4	3.30084157987981	0.00096395294873245
viper	Stat6	MHCneg_1	3.45902046465957	0.000542143710863335
viper	Stat6	MHCneg_2	3.24399416812241	0.00117866159462674
viper	Stat6	MHCneg_3	4.08473816417835	4.41265463607008e-05
viper	Stat6	MHCneg_4	3.79122373713542	0.00014990683315553
viper	Tal1	MHCpos_1	3.0663581507457	0.00216683594429395
viper	Tal1	MHCpos_2	3.16233251432655	0.00156510738192596
viper	Tal1	MHCpos_3	3.46543855893336	0.000529367468014
viper	Tal1	MHCpos_4	3.19683142700382	0.00138946101976116
viper	Tal1	MHCneg_1	3.21721437845333	0.00129441838866102
viper	Tal1	MHCneg_2	3.2429767215227	0.00118287875319703
viper	Tal1	MHCneg_3	3.93980129913907	8.1549124527116e-05
viper	Tal1	MHCneg_4	3.67068044638549	0.000241905620640432
viper	Tbp	MHCpos_1	7.68221580562907	1.5636014002307e-14
viper	Tbp	MHCpos_2	7.46055271950459	8.61602718261203e-14
viper	Tbp	MHCpos_3	8.40301592470733	4.35155651723583e-17
viper	Tbp	MHCpos_4	7.3488393529699	1.99935305905998e-13
viper	Tbp	MHCneg_1	7.17858651375266	7.04358144186166e-13
viper	Tbp	MHCneg_2	7.39341956777749	1.43100025598273e-13
viper	Tbp	MHCneg_3	8.06957228179898	7.05448603269083e-16
viper	Tbp	MHCneg_4	7.55265397537509	4.26476978319407e-14
viper	Tbx21	MHCpos_1	8.15824652210068	3.39923186865129e-16
viper	Tbx21	MHCpos_2	7.7297684689546	1.07742360229348e-14
viper	Tbx21	MHCpos_3	8.42976559049671	3.4635832139122e-17
viper	Tbx21	MHCpos_4	7.9173536069526	2.42619022378433e-15
viper	Tbx21	MHCneg_1	8.28530650034914	1.17805299583445e-16
viper	Tbx21	MHCneg_2	8.48238656156708	2.20621163026027e-17
viper	Tbx21	MHCneg_3	10.0414872856062	1.00152536305454e-23
viper	Tbx21	MHCneg_4	9.55016029246272	1.29495772821183e-21
viper	Tcf12	MHCpos_1	7.56135194621889	3.98901287817025e-14
viper	Tcf12	MHCpos_2	7.13975829395511	9.34951757721612e-13
viper	Tcf12	MHCpos_3	7.19224223031029	6.3735821900723e-13
viper	Tcf12	MHCpos_4	8.08580812516484	6.17533426502599e-16
viper	Tcf12	MHCneg_1	7.21682011938935	5.32172960501686e-13
viper	Tcf12	MHCneg_2	6.90927818069247	4.87125905805333e-12
viper	Tcf12	MHCneg_3	7.75129934175215	9.09569871797011e-15
viper	Tcf12	MHCneg_4	7.40435425820143	1.31790175185671e-13
viper	Tcf3	MHCpos_1	3.54029316752844	0.000399682781215718
viper	Tcf3	MHCpos_2	3.56600501994915	0.000362464430469458
viper	Tcf3	MHCpos_3	3.85183859308113	0.00011723428879335
viper	Tcf3	MHCpos_4	3.68406616597191	0.000229542614505191
viper	Tcf3	MHCneg_1	3.42011829726975	0.000625939095844093
viper	Tcf3	MHCneg_2	3.42766284686704	0.000608801040872165
viper	Tcf3	MHCneg_3	3.68681156766878	0.000227081374083681
viper	Tcf3	MHCneg_4	3.76766106208373	0.000164784224100838
viper	Tcf4	MHCpos_1	7.7488772968644	9.27085474836064e-15
viper	Tcf4	MHCpos_2	7.79520621854684	6.43033763753823e-15
viper	Tcf4	MHCpos_3	8.1333411409436	4.17617246737418e-16
viper	Tcf4	MHCpos_4	8.11964406938415	4.67552859540475e-16
viper	Tcf4	MHCneg_1	7.1181693906107	1.09369908743533e-12
viper	Tcf4	MHCneg_2	7.21793600027568	5.27825449445674e-13
viper	Tcf4	MHCneg_3	8.12989897052899	4.29648371645147e-16
viper	Tcf4	MHCneg_4	7.41636487506893	1.20378575694454e-13
viper	Tcf7	MHCpos_1	8.32902912386537	8.15080156096465e-17
viper	Tcf7	MHCpos_2	8.12067740997434	4.63588756707504e-16
viper	Tcf7	MHCpos_3	8.46422900684195	2.57852723560899e-17
viper	Tcf7	MHCpos_4	8.22165814383038	2.00708616780088e-16
viper	Tcf7	MHCneg_1	7.91199023012237	2.5330627645918e-15
viper	Tcf7	MHCneg_2	7.75154329592265	9.07823816779368e-15
viper	Tcf7	MHCneg_3	9.11015656820246	8.22631679476148e-20
viper	Tcf7	MHCneg_4	8.4042993511138	4.30423512121076e-17
viper	Tcf7l2	MHCpos_1	3.37126355203224	0.000748242384791508
viper	Tcf7l2	MHCpos_2	2.97168836683125	0.00296167132663599
viper	Tcf7l2	MHCpos_3	2.8689166560312	0.00411880314278173
viper	Tcf7l2	MHCpos_4	3.16707757328036	0.00153979237868825
viper	Tcf7l2	MHCneg_1	2.64117807742088	0.00826182812817609
viper	Tcf7l2	MHCneg_2	2.74550658916512	0.00604175541910948
viper	Tcf7l2	MHCneg_3	2.99286905462313	0.00276368298736798
viper	Tcf7l2	MHCneg_4	3.09902042696103	0.00194161632862737
viper	Tead1	MHCpos_1	7.38283104950699	1.54958615774764e-13
viper	Tead1	MHCpos_2	7.60115915127502	2.93489898917629e-14
viper	Tead1	MHCpos_3	8.41885472812723	3.80182476181899e-17
viper	Tead1	MHCpos_4	7.46291836731411	8.46267824868458e-14
viper	Tead1	MHCneg_1	7.25126079467532	4.12909749011902e-13
viper	Tead1	MHCneg_2	6.5844204006943	4.56663299504546e-11
viper	Tead1	MHCneg_3	7.95883276216801	1.73669783528291e-15
viper	Tead1	MHCneg_4	7.28397128395337	3.24134036691619e-13
viper	Tead2	MHCpos_1	5.34748843711976	8.91831071359141e-08
viper	Tead2	MHCpos_2	5.15772112156966	2.49973559899797e-07
viper	Tead2	MHCpos_3	5.01351486362618	5.3444636831561e-07
viper	Tead2	MHCpos_4	4.85818081169552	1.18469200146759e-06
viper	Tead2	MHCneg_1	4.83255157617203	1.34794175120903e-06
viper	Tead2	MHCneg_2	5.17772666483036	2.24605976871085e-07
viper	Tead2	MHCneg_3	4.92283984119019	8.5297259305318e-07
viper	Tead2	MHCneg_4	5.02830391949169	4.94837157072974e-07
viper	Tead4	MHCpos_1	7.63438956932362	2.26892873245135e-14
viper	Tead4	MHCpos_2	7.22166466035972	5.1354987612985e-13
viper	Tead4	MHCpos_3	8.07629706847115	6.67631214145435e-16
viper	Tead4	MHCpos_4	7.41552944147134	1.21139889837057e-13
viper	Tead4	MHCneg_1	6.74606924144006	1.51904149125709e-11
viper	Tead4	MHCneg_2	6.75206512766635	1.45755416497533e-11
viper	Tead4	MHCneg_3	7.63608362282532	2.23928911065772e-14
viper	Tead4	MHCneg_4	7.5317444064244	5.00668899509484e-14
viper	Tfap2a	MHCpos_1	4.37096848598181	1.23696646968024e-05
viper	Tfap2a	MHCpos_2	4.43261275261187	9.30979884953275e-06
viper	Tfap2a	MHCpos_3	4.95420488636048	7.26266498614066e-07
viper	Tfap2a	MHCpos_4	3.62333646759931	0.000290827104389209
viper	Tfap2a	MHCneg_1	3.68049601179326	0.000232780700360069
viper	Tfap2a	MHCneg_2	3.76365180734366	0.00016744999673695
viper	Tfap2a	MHCneg_3	5.16467520918575	2.40856774661107e-07
viper	Tfap2a	MHCneg_4	3.94113842603702	8.10958073164923e-05
viper	Tfap2c	MHCpos_1	-0.0540412962171429	0.95690226267137
viper	Tfap2c	MHCpos_2	-0.0388626968318789	0.968999857703072
viper	Tfap2c	MHCpos_3	0.256834434860311	0.797306586311299
viper	Tfap2c	MHCpos_4	-0.275246900608742	0.783126556484626
viper	Tfap2c	MHCneg_1	-0.609941236593612	0.54190073486938
viper	Tfap2c	MHCneg_2	-0.58550611120912	0.558207458647114
viper	Tfap2c	MHCneg_3	0.512415465011121	0.608360269779986
viper	Tfap2c	MHCneg_4	1.3059210903568	0.19157939360786
viper	Tfap4	MHCpos_1	5.72338440736762	1.04422624537862e-08
viper	Tfap4	MHCpos_2	5.51055585281753	3.5770228092801e-08
viper	Tfap4	MHCpos_3	5.49684069843895	3.86655687963798e-08
viper	Tfap4	MHCpos_4	4.90028957398456	9.56955035684379e-07
viper	Tfap4	MHCneg_1	5.38863029372094	7.09966829389901e-08
viper	Tfap4	MHCneg_2	5.27441727229282	1.33178576883119e-07
viper	Tfap4	MHCneg_3	5.8307340098786	5.51840898541758e-09
viper	Tfap4	MHCneg_4	5.61250307358549	1.99420666842573e-08
viper	Tfdp1	MHCpos_1	6.7726244883663	1.26466900319072e-11
viper	Tfdp1	MHCpos_2	7.14952119002192	8.70811060089533e-13
viper	Tfdp1	MHCpos_3	6.65467170026187	2.83933114009856e-11
viper	Tfdp1	MHCpos_4	6.38963148437955	1.66286003156306e-10
viper	Tfdp1	MHCneg_1	6.89266261680137	5.4757638725971e-12
viper	Tfdp1	MHCneg_2	6.83022239422375	8.47830938984694e-12
viper	Tfdp1	MHCneg_3	6.84496712265523	7.6493437014819e-12
viper	Tfdp1	MHCneg_4	6.7239319882796	1.76885020769635e-11
viper	Tgif2	MHCpos_1	-6.31996914647902	2.61615530867475e-10
viper	Tgif2	MHCpos_2	-6.30909172283839	2.80677748261102e-10
viper	Tgif2	MHCpos_3	-6.19407972100851	5.86265499557625e-10
viper	Tgif2	MHCpos_4	-6.35398920870472	2.0980155942265e-10
viper	Tgif2	MHCneg_1	-6.2256871372067	4.79449984474438e-10
viper	Tgif2	MHCneg_2	-6.44822729978985	1.13165958683952e-10
viper	Tgif2	MHCneg_3	-6.08024414443507	1.19999690109597e-09
viper	Tgif2	MHCneg_4	-6.23613446001443	4.485156239137e-10
viper	Thap1	MHCpos_1	9.44207769768801	3.65459627716691e-21
viper	Thap1	MHCpos_2	9.47042187896379	2.78715716767792e-21
viper	Thap1	MHCpos_3	9.31156521498711	1.259621956094e-20
viper	Thap1	MHCpos_4	9.51535571116853	1.81092270560935e-21
viper	Thap1	MHCneg_1	8.99604312623696	2.33999401564881e-19
viper	Thap1	MHCneg_2	9.34089683467147	9.55215404784482e-21
viper	Thap1	MHCneg_3	9.68005994311013	3.66501040756276e-22
viper	Thap1	MHCneg_4	9.67528083463879	3.84035809863318e-22
viper	Thap11	MHCpos_1	-14.7738678573346	2.1595553041275e-49
viper	Thap11	MHCpos_2	-15.0158049520823	5.78552402166758e-51
viper	Thap11	MHCpos_3	-14.4850290988874	1.50658846202359e-47
viper	Thap11	MHCpos_4	-14.4382066582477	2.97481990931804e-47
viper	Thap11	MHCneg_1	-14.799395862546	1.4780418319913e-49
viper	Thap11	MHCneg_2	-15.0679187253965	2.63276900238299e-51
viper	Thap11	MHCneg_3	-14.4556493012634	2.30941636481329e-47
viper	Thap11	MHCneg_4	-14.77435911424	2.14386759285544e-49
viper	Trp53	MHCpos_1	6.81412468057319	9.48394272613504e-12
viper	Trp53	MHCpos_2	6.63616869718233	3.21941371251763e-11
viper	Trp53	MHCpos_3	7.13678018089536	9.55424498220318e-13
viper	Trp53	MHCpos_4	6.50684505814657	7.67454957605382e-11
viper	Trp53	MHCneg_1	6.37875036163572	1.78538787091717e-10
viper	Trp53	MHCneg_2	6.51048324735604	7.49094231167838e-11
viper	Trp53	MHCneg_3	7.61871533480618	2.56212790503912e-14
viper	Trp53	MHCneg_4	6.96755100260124	3.22505553128732e-12
viper	Trp63	MHCpos_1	2.08763552094409	0.0368307252624298
viper	Trp63	MHCpos_2	2.12357276156657	0.03370588522171
viper	Trp63	MHCpos_3	1.95681067853276	0.0503697311276473
viper	Trp63	MHCpos_4	2.28230752424196	0.0224711906345819
viper	Trp63	MHCneg_1	1.97929431024181	0.047782879836495
viper	Trp63	MHCneg_2	2.02238578518128	0.0431365124230913
viper	Trp63	MHCneg_3	2.43054569868388	0.015076104717945
viper	Trp63	MHCneg_4	1.93414507137236	0.0530952936797355
viper	Trp73	MHCpos_1	7.39812663684079	1.38119104268434e-13
viper	Trp73	MHCpos_2	6.92548909335618	4.34471808665331e-12
viper	Trp73	MHCpos_3	7.46867169066417	8.10083706481908e-14
viper	Trp73	MHCpos_4	7.64435082375514	2.10002116975117e-14
viper	Trp73	MHCneg_1	6.98941640326668	2.76032028852226e-12
viper	Trp73	MHCneg_2	7.34343316221703	2.0818338254424e-13
viper	Trp73	MHCneg_3	7.53925377412114	4.72668356027117e-14
viper	Trp73	MHCneg_4	7.57708590262932	3.53402800432258e-14
viper	Twist1	MHCpos_1	1.88209021854762	0.0598237672191703
viper	Twist1	MHCpos_2	1.49011149620122	0.136194921907518
viper	Twist1	MHCpos_3	1.1437645171855	0.252721308837884
viper	Twist1	MHCpos_4	1.73964220101073	0.0819218642079999
viper	Twist1	MHCneg_1	1.59642487985744	0.110393965026889
viper	Twist1	MHCneg_2	1.63616041837547	0.101806018004987
viper	Twist1	MHCneg_3	1.57346477317759	0.115611238930453
viper	Twist1	MHCneg_4	1.84509355611352	0.065023930429811
viper	Usf1	MHCpos_1	2.20898736768043	0.0271755195629467
viper	Usf1	MHCpos_2	2.11990851965327	0.0340137607835654
viper	Usf1	MHCpos_3	2.9021928831931	0.00370560303937517
viper	Usf1	MHCpos_4	2.57164388596807	0.0101216945821752
viper	Usf1	MHCneg_1	1.80218156864824	0.0715168435708243
viper	Usf1	MHCneg_2	2.11743526497255	0.0342229239168761
viper	Usf1	MHCneg_3	1.9142514378068	0.0555880361750982
viper	Usf1	MHCneg_4	2.13639126768379	0.0326475352260712
viper	Usf2	MHCpos_1	5.9095417526897	3.43060719578591e-09
viper	Usf2	MHCpos_2	5.59509086632103	2.20506251516892e-08
viper	Usf2	MHCpos_3	6.13050944174057	8.75981181392687e-10
viper	Usf2	MHCpos_4	5.55805934181999	2.72790648143575e-08
viper	Usf2	MHCneg_1	5.79605724769659	6.78920964987157e-09
viper	Usf2	MHCneg_2	5.59724471000315	2.17785203226613e-08
viper	Usf2	MHCneg_3	6.3752636766473	1.82648432462998e-10
viper	Usf2	MHCneg_4	6.2385658996667	4.41600584120551e-10
viper	Vdr	MHCpos_1	2.52102642071118	0.0117013065827897
viper	Vdr	MHCpos_2	2.55658944719937	0.0105703891069601
viper	Vdr	MHCpos_3	2.12678867469437	0.0334376457218272
viper	Vdr	MHCpos_4	2.69136818470749	0.00711596128590207
viper	Vdr	MHCneg_1	2.0320571041396	0.0421478753017848
viper	Vdr	MHCneg_2	2.4026740661698	0.016275686582689
viper	Vdr	MHCneg_3	2.68398766413262	0.00727497904903871
viper	Vdr	MHCneg_4	2.80351426764551	0.00505489956617044
viper	Wt1	MHCpos_1	-0.282512534628707	0.777550536630451
viper	Wt1	MHCpos_2	-0.387032805704992	0.698731921462591
viper	Wt1	MHCpos_3	-0.351057638663754	0.725545107290663
viper	Wt1	MHCpos_4	-0.844405269709908	0.398442978649534
viper	Wt1	MHCneg_1	-0.380061782630707	0.703899553963929
viper	Wt1	MHCneg_2	0.287540529994208	0.773698473100586
viper	Wt1	MHCneg_3	-0.249141828981131	0.803251074492452
viper	Wt1	MHCneg_4	-0.353564668863996	0.723665156297727
viper	Xbp1	MHCpos_1	4.67132666481558	2.99260573769774e-06
viper	Xbp1	MHCpos_2	4.26627987528049	1.98759413919784e-05
viper	Xbp1	MHCpos_3	4.64435148788325	3.41146342436956e-06
viper	Xbp1	MHCpos_4	4.53960038683561	5.63609423287315e-06
viper	Xbp1	MHCneg_1	4.11707168131949	3.83716755497163e-05
viper	Xbp1	MHCneg_2	4.4707469595566	7.79468784734704e-06
viper	Xbp1	MHCneg_3	4.59647937568206	4.2968948418189e-06
viper	Xbp1	MHCneg_4	3.95905777548382	7.52460340778506e-05
viper	Yy1	MHCpos_1	1.5300568710848	0.126002652492192
viper	Yy1	MHCpos_2	1.43798297549037	0.150438884657963
viper	Yy1	MHCpos_3	1.7983283953236	0.0721249825022539
viper	Yy1	MHCpos_4	1.5297228017042	0.126085357147801
viper	Yy1	MHCneg_1	1.70192165028699	0.0887700566314637
viper	Yy1	MHCneg_2	1.58695588248459	0.112522636937383
viper	Yy1	MHCneg_3	1.74893855492124	0.0803016411794858
viper	Yy1	MHCneg_4	1.92624028058632	0.0540743783681306
viper	Zbtb11	MHCpos_1	7.76334783006613	8.27163526062819e-15
viper	Zbtb11	MHCpos_2	7.7922107823786	6.58467658405287e-15
viper	Zbtb11	MHCpos_3	7.63913813932776	2.18680588706254e-14
viper	Zbtb11	MHCpos_4	7.69069920244758	1.46333099717858e-14
viper	Zbtb11	MHCneg_1	7.81364607203223	5.55569603107732e-15
viper	Zbtb11	MHCneg_2	7.70496267203247	1.30881542867277e-14
viper	Zbtb11	MHCneg_3	7.81079020486314	5.68305439235916e-15
viper	Zbtb11	MHCneg_4	7.80734444929823	5.84054906909197e-15
viper	Zbtb33	MHCpos_1	5.28553139077536	1.25340376209657e-07
viper	Zbtb33	MHCpos_2	5.36004633586679	8.32006091657385e-08
viper	Zbtb33	MHCpos_3	5.14492269417396	2.67630997456351e-07
viper	Zbtb33	MHCpos_4	5.48004605090681	4.252151468365e-08
viper	Zbtb33	MHCneg_1	5.38193137083737	7.36908618599349e-08
viper	Zbtb33	MHCneg_2	5.27631565009505	1.31806977739457e-07
viper	Zbtb33	MHCneg_3	5.19922374258911	2.00122517023646e-07
viper	Zbtb33	MHCneg_4	5.19022359699944	2.10041700997626e-07
viper	Zbtb7a	MHCpos_1	-8.29200263468583	1.11357463080322e-16
viper	Zbtb7a	MHCpos_2	-8.28351334578898	1.19593565894761e-16
viper	Zbtb7a	MHCpos_3	-8.51192283373316	1.71072418030879e-17
viper	Zbtb7a	MHCpos_4	-8.00960676891231	1.15075796398404e-15
viper	Zbtb7a	MHCneg_1	-8.249643034007	1.58868356188164e-16
viper	Zbtb7a	MHCneg_2	-8.6650430272397	4.51342507189273e-18
viper	Zbtb7a	MHCneg_3	-8.82149162048965	1.12944976232069e-18
viper	Zbtb7a	MHCneg_4	-8.53284172525107	1.42795987063467e-17
viper	Zeb1	MHCpos_1	-4.36963455068013	1.24454637887887e-05
viper	Zeb1	MHCpos_2	-4.35402561587102	1.33660078275522e-05
viper	Zeb1	MHCpos_3	-4.44641712499267	8.73143296476728e-06
viper	Zeb1	MHCpos_4	-3.92084023023498	8.82407549304553e-05
viper	Zeb1	MHCneg_1	-4.25356515013681	2.10393687868451e-05
viper	Zeb1	MHCneg_2	-4.02583326030947	5.6773909851333e-05
viper	Zeb1	MHCneg_3	-4.51510300261208	6.32859983393653e-06
viper	Zeb1	MHCneg_4	-4.63172859811686	3.62625313742302e-06
viper	Zeb2	MHCpos_1	-9.2214775456062	2.93034039066844e-20
viper	Zeb2	MHCpos_2	-9.01607953809945	1.94940890498348e-19
viper	Zeb2	MHCpos_3	-9.25063811318803	2.23156396784162e-20
viper	Zeb2	MHCpos_4	-9.01511680717494	1.96660774583741e-19
viper	Zeb2	MHCneg_1	-8.71625927276025	2.87544411024452e-18
viper	Zeb2	MHCneg_2	-8.5920267031138	8.54485234300996e-18
viper	Zeb2	MHCneg_3	-9.47287063365788	2.72256740216128e-21
viper	Zeb2	MHCneg_4	-8.96237154387713	3.17769063941546e-19
viper	Zfp110	MHCpos_1	-3.84769361571326	0.000119235037811042
viper	Zfp110	MHCpos_2	-3.8757856893496	0.000106281198193537
viper	Zfp110	MHCpos_3	-3.7013847982499	0.000214426006208844
viper	Zfp110	MHCpos_4	-3.91402361686729	9.07707517328581e-05
viper	Zfp110	MHCneg_1	-3.48060281663992	0.000500286767115524
viper	Zfp110	MHCneg_2	-3.85951494307674	0.000113612310108459
viper	Zfp110	MHCneg_3	-3.35623885416243	0.000790102992603235
viper	Zfp110	MHCneg_4	-3.6926158156109	0.000221959204362719
viper	Zfp143	MHCpos_1	7.99862689832058	1.25814315882492e-15
viper	Zfp143	MHCpos_2	7.71821282828793	1.1797209984493e-14
viper	Zfp143	MHCpos_3	7.60256592884409	2.90315989201567e-14
viper	Zfp143	MHCpos_4	7.58491718112643	3.3269950790035e-14
viper	Zfp143	MHCneg_1	7.85668215129442	3.94442098008121e-15
viper	Zfp143	MHCneg_2	7.71096841137071	1.24866570149342e-14
viper	Zfp143	MHCneg_3	7.36225026795611	1.80835524706221e-13
viper	Zfp143	MHCneg_4	7.86491810340973	3.6933899628919e-15
viper	Zfp217	MHCpos_1	4.36381259513804	1.27815082751035e-05
viper	Zfp217	MHCpos_2	4.2872460992293	1.80901841874784e-05
viper	Zfp217	MHCpos_3	4.49793060459449	6.86180854037008e-06
viper	Zfp217	MHCpos_4	4.72922621928423	2.25377150089823e-06
viper	Zfp217	MHCneg_1	4.24049357789	2.23028816432171e-05
viper	Zfp217	MHCneg_2	4.12231476613773	3.75084194504618e-05
viper	Zfp217	MHCneg_3	4.34006289686559	1.42441939410379e-05
viper	Zfp217	MHCneg_4	4.35205971707762	1.34864514053899e-05
viper	Zfp24	MHCpos_1	-4.3866076855655	1.15132177175849e-05
viper	Zfp24	MHCpos_2	-4.40729382931418	1.04670152756922e-05
viper	Zfp24	MHCpos_3	-4.75458986903441	1.98849673892478e-06
viper	Zfp24	MHCpos_4	-4.49250377218727	7.03906712597243e-06
viper	Zfp24	MHCneg_1	-4.32933750395276	1.49558577747238e-05
viper	Zfp24	MHCneg_2	-4.0447279344437	5.23839213842445e-05
viper	Zfp24	MHCneg_3	-4.54046836502705	5.61294005893623e-06
viper	Zfp24	MHCneg_4	-4.08293104172968	4.44712222689962e-05
viper	Zfp263	MHCpos_1	-10.6603763534097	1.55965020389526e-26
viper	Zfp263	MHCpos_2	-9.83341535660165	8.0830045756076e-23
viper	Zfp263	MHCpos_3	-10.1688347976447	2.73156674706081e-24
viper	Zfp263	MHCpos_4	-9.77093164746117	1.50065690498775e-22
viper	Zfp263	MHCneg_1	-9.63347740702307	5.77416392772814e-22
viper	Zfp263	MHCneg_2	-10.0313176706357	1.11024935649346e-23
viper	Zfp263	MHCneg_3	-10.2754787134086	9.0892068833765e-25
viper	Zfp263	MHCneg_4	-9.97052428227753	2.05143062670426e-23
viper	Zfp369	MHCpos_1	-3.84769361571326	0.000119235037811042
viper	Zfp369	MHCpos_2	-3.8757856893496	0.000106281198193537
viper	Zfp369	MHCpos_3	-3.7013847982499	0.000214426006208844
viper	Zfp369	MHCpos_4	-3.91402361686729	9.07707517328581e-05
viper	Zfp369	MHCneg_1	-3.48060281663992	0.000500286767115524
viper	Zfp369	MHCneg_2	-3.85951494307674	0.000113612310108459
viper	Zfp369	MHCneg_3	-3.35623885416243	0.000790102992603235
viper	Zfp369	MHCneg_4	-3.6926158156109	0.000221959204362719
viper	Zfp384	MHCpos_1	10.8293268020602	2.49986395381983e-27
viper	Zfp384	MHCpos_2	10.7721593876327	4.65942808373426e-27
viper	Zfp384	MHCpos_3	10.7899410016783	3.84036006685004e-27
viper	Zfp384	MHCpos_4	10.8809488306456	1.42076295629934e-27
viper	Zfp384	MHCneg_1	10.5461032134265	5.2947758686648e-26
viper	Zfp384	MHCneg_2	10.5644983293191	4.35289828918405e-26
viper	Zfp384	MHCneg_3	10.613100203083	2.59009593688325e-26
viper	Zfp384	MHCneg_4	10.4186999773079	2.03718674369419e-25
viper	Zfp592	MHCpos_1	5.09164819842841	3.54964265416626e-07
viper	Zfp592	MHCpos_2	5.09511821893502	3.48523702359027e-07
viper	Zfp592	MHCpos_3	5.03344161332866	4.81751590235721e-07
viper	Zfp592	MHCpos_4	4.8375037503964	1.31479904938315e-06
viper	Zfp592	MHCneg_1	5.10085651185004	3.38119834294553e-07
viper	Zfp592	MHCneg_2	5.23824338182131	1.62112187781137e-07
viper	Zfp592	MHCneg_3	5.09299585120571	3.52449414094186e-07
viper	Zfp592	MHCneg_4	5.15527778777143	2.53255207702303e-07
viper	Zfp639	MHCpos_1	-9.21321580227932	3.16497865914401e-20
viper	Zfp639	MHCpos_2	-9.31384403424264	1.23287681589397e-20
viper	Zfp639	MHCpos_3	-9.06751538795347	1.21761779311377e-19
viper	Zfp639	MHCpos_4	-8.97893382306034	2.73403150151115e-19
viper	Zfp639	MHCneg_1	-9.30510046207456	1.33865723478981e-20
viper	Zfp639	MHCneg_2	-9.04561763838918	1.48821435177997e-19
viper	Zfp639	MHCneg_3	-8.86694163611042	7.5182292041858e-19
viper	Zfp639	MHCneg_4	-8.92869863834768	4.31049353660365e-19
viper	Zfp740	MHCpos_1	7.36525915805341	1.76803053556035e-13
viper	Zfp740	MHCpos_2	6.91067567918946	4.82350677722755e-12
viper	Zfp740	MHCpos_3	6.9692541845787	3.18625568009486e-12
viper	Zfp740	MHCpos_4	7.2490209473123	4.1979496800965e-13
viper	Zfp740	MHCneg_1	7.05672819937407	1.70468592423598e-12
viper	Zfp740	MHCneg_2	7.1323860443393	9.86437386409223e-13
viper	Zfp740	MHCneg_3	6.67467345668242	2.47783256113861e-11
viper	Zfp740	MHCneg_4	7.03332843113063	2.01663911598802e-12
viper	Zfx	MHCpos_1	11.8939592570261	1.27229139371793e-32
viper	Zfx	MHCpos_2	11.7994793526951	3.92733806959751e-32
viper	Zfx	MHCpos_3	11.580366314707	5.18241278760132e-31
viper	Zfx	MHCpos_4	11.578822434457	5.27658787654599e-31
viper	Zfx	MHCneg_1	11.8037202952458	3.73428954349271e-32
viper	Zfx	MHCneg_2	11.773963787706	5.3166393088323e-32
viper	Zfx	MHCneg_3	11.5533510880079	7.09971003768329e-31
viper	Zfx	MHCneg_4	11.6577155835974	2.09590289276606e-31
viper	Zkscan1	MHCpos_1	7.29752305928663	2.93113507328027e-13
viper	Zkscan1	MHCpos_2	6.91774223354048	4.58898290041204e-12
viper	Zkscan1	MHCpos_3	7.16859932075955	7.57689549060506e-13
viper	Zkscan1	MHCpos_4	7.13792580856527	9.47497445703884e-13
viper	Zkscan1	MHCneg_1	6.75767264882859	1.40225902316571e-11
viper	Zkscan1	MHCneg_2	6.83342591255948	8.29103247531755e-12
viper	Zkscan1	MHCneg_3	6.60247807085528	4.04341102585414e-11
viper	Zkscan1	MHCneg_4	6.88634174883482	5.72453753217729e-12
